image_id,image_path,Sampling_Date,State,Species,Pre_GSHH_NDVI,Height_Ave_cm,Dry_Clover_g,Dry_Dead_g,Dry_Green_g,Dry_Total_g,GDM_g,Month,DayOfYear,Season,Month_sin,Month_cos,Species_Count,Has_Clover,Has_Ryegrass,State_Encoded,Dead_Ratio,Green_Ratio,Clover_Ratio,NDVI_Height_Interaction,Biomass_per_Height,is_anomaly,anomaly_score,Cluster
ID1011485656,train/ID1011485656.jpg,,Tas,Ryegrass_Clover,0.62,4.6667,0.0,31.9984,16.2751,48.2735,16.275,,,,,,2,1,1,1,0.6628564188870412,0.33714356039765997,0.0,2.8933539999999995,10.344245324480827,False,,1
ID1012260530,train/ID1012260530.jpg,,NSW,Lucerne,0.55,16.0,0.0,0.0,7.6,7.6,7.6,,,,,,1,0,0,0,0.0,0.9999998684210699,0.0,8.8,0.4749999703125018,False,,4
ID1025234388,train/ID1025234388.jpg,,WA,SubcloverDalkeith,0.38,1.0,6.05,0.0,0.0,6.05,6.05,,,,,,1,1,0,3,0.0,0.0,0.9999998347107711,0.38,6.0499939500060504,False,,2
ID1028611175,train/ID1028611175.jpg,,Tas,Ryegrass,0.66,5.0,0.0,30.9703,24.2376,55.2079,24.2376,,,,,,1,0,1,1,0.5609758646683561,0.43902411721829454,0.0,3.3000000000000003,11.041577791684443,False,,4
ID1035947949,train/ID1035947949.jpg,,Tas,Ryegrass,0.54,3.5,0.4343,23.2239,10.5261,34.1844,10.9605,,,,,,1,0,1,1,0.6793712722946353,0.3079211480113401,0.012704625130041041,1.8900000000000001,9.76696863800896,False,,4
ID1036339023,train/ID1036339023.jpg,,Vic,Phalaris_Clover,0.82,7.0,23.0755,2.6135,32.191,57.88,55.2665,,,,,,2,1,0,2,0.04515376563314158,0.5561679240468569,0.3986782930428768,5.739999999999999,8.268570247347109,False,,3
ID1049634115,train/ID1049634115.jpg,,Vic,Ryegrass_Clover,0.72,2.0,1.5083,3.0167,13.575,18.1,15.0833,,,,,,2,1,1,2,0.16666849907908843,0.7499999585635381,0.08333148710875761,1.44,9.049995475002262,False,,3
ID1051144034,train/ID1051144034.jpg,,WA,SubcloverLosa,0.8,1.0,55.32,0.0,0.0,55.32,55.32,,,,,,1,1,0,3,0.0,0.0,0.9999999819233554,0.8,55.31994468005532,True,,2
ID1052620238,train/ID1052620238.jpg,,Tas,Ryegrass,0.68,5.0,0.0,11.2291,20.1707,31.3998,20.1707,,,,,,1,0,1,1,0.3576169161072072,0.6423830520454572,0.0,3.4000000000000004,6.279958744008251,False,,4
ID105271783,train/ID105271783.jpg,,Vic,Phalaris_Clover,0.86,4.0,5.2698,8.5635,27.6667,41.5,32.9365,,,,,,2,1,0,2,0.20634939261808694,0.6666674538152421,0.12698312947028603,3.44,10.374997406250648,False,,3
ID1053972079,train/ID1053972079.jpg,,Tas,Clover,0.56,2.5,21.0801,7.9393,1.3688,30.3882,22.4489,,,,,,1,1,0,1,0.2612625867520094,0.04504379841373301,0.6936935819267485,1.4000000000000001,12.155275137889944,False,,2
ID1058383417,train/ID1058383417.jpg,,Tas,Ryegrass_Clover,0.62,2.0,0.1,9.5,13.1,22.7,13.2,,,,,,2,1,1,1,0.41850218420695223,0.5770924855906394,0.004405286149546866,1.24,11.349994325002836,False,,1
ID1062837331,train/ID1062837331.jpg,,Vic,Ryegrass_Clover,0.82,9.0,19.98,3.9623,35.4077,59.35,55.3877,,,,,,2,1,1,2,0.06676158269988909,0.5965913968560843,0.33664700359482724,7.38,6.594443711728477,False,,3
ID1070112260,train/ID1070112260.jpg,,NSW,Fescue_CrumbWeed,0.6,6.0,0.0,9.8765,22.1235,32.0,22.1235,,,,,,2,0,0,0,0.3086406153549808,0.6913593533950203,0.0,3.5999999999999996,5.333332444444593,False,,4
ID1078930021,train/ID1078930021.jpg,,Vic,Phalaris_Ryegrass_Clover,0.86,5.0,0.0,5.0189,32.9811,38.0,32.9811,,,,,,3,1,1,2,0.13207631231378128,0.86792366137043,0.0,4.3,7.599998480000304,False,,3
ID1084819986,train/ID1084819986.jpg,,Tas,Clover,0.69,3.1667,21.4551,13.0742,2.6819,37.2112,24.137,,,,,,1,1,0,1,0.3513511966464076,0.07207238487142623,0.5765763916085376,2.1850229999999997,11.750777859987412,False,,2
ID1088965591,train/ID1088965591.jpg,,NSW,Lucerne,0.89,43.0,0.0,0.3443,59.5557,59.9,59.5557,,,,,,1,0,0,0,0.005747913092689265,0.9942520702128202,0.0,38.27,1.3930232234180646,False,,0
ID1098771283,train/ID1098771283.jpg,,Tas,Clover,0.48,2.6667,8.376,15.1673,0.4528,23.9961,8.8287,,,,,,1,1,0,1,0.6320735189437651,0.01886973221191226,0.34905670717088577,1.280016,8.998421645321315,False,,1
ID1103883611,train/ID1103883611.jpg,,NSW,Phalaris,0.48,26.0,0.0,12.9166,82.7834,95.7,82.7834,,,,,,1,0,0,0,0.13496969555935534,0.865030293991324,0.0,12.48,3.680769089201189,False,,0
ID1108283583,train/ID1108283583.jpg,,Vic,Phalaris_Ryegrass_Clover,0.83,5.5,5.773,7.2162,40.4108,53.4,46.1838,,,,,,3,1,1,2,0.13513482893005938,0.7567565401356454,0.10810861220770389,4.5649999999999995,9.709089143801974,False,,3
ID1113121340,train/ID1113121340.jpg,,Vic,Phalaris_Clover,0.8,16.0,0.2931,11.6271,82.6598,94.58,82.9529,,,,,,2,1,0,2,0.12293402280678767,0.8739670028127828,0.0030989638073698057,12.8,5.911249630546898,False,,3
ID1113329413,train/ID1113329413.jpg,,Tas,WhiteClover,0.72,3.0,20.6523,21.1112,1.3768,43.1403,22.0291,,,,,,1,1,0,1,0.4893614441864928,0.03191447366118284,0.478724058972143,2.16,14.380095206634932,False,,2
ID1119739385,train/ID1119739385.jpg,,Tas,Ryegrass,0.28,4.0,0.0,3.0,6.8,9.8,6.8,,,,,,1,0,1,1,0.30612241774261045,0.6938774802165837,0.0,1.12,2.4499993875001533,False,,4
ID1119761112,train/ID1119761112.jpg,,NSW,Fescue,0.42,4.0,0.0,32.4486,22.9514,55.4,22.9514,,,,,,1,0,0,0,0.5857147908715742,0.41428519107788464,0.0,1.68,13.849996537500864,False,,4
ID1121692672,train/ID1121692672.jpg,,NSW,Phalaris,0.52,38.0,0.0,1.3958,109.8042,111.2,109.8042,,,,,,1,0,0,0,0.012552158160502175,0.9874478328466921,0.0,19.76,2.9263157124653763,False,,0
ID1127246618,train/ID1127246618.jpg,,Tas,Ryegrass,0.77,7.0,3.0196,25.8824,32.3529,61.2549,35.3725,,,,,,1,0,1,1,0.4225359861409294,0.5281683501537289,0.049295647380117394,5.390000000000001,8.75069874990018,False,,4
ID112966473,train/ID112966473.jpg,,Vic,Ryegrass_Clover,0.74,3.0,11.2,2.8,19.6,33.6,30.8,,,,,,2,1,1,2,0.08333333085317468,0.5833333159722228,0.3333333234126987,2.2199999999999998,11.199996266667911,False,,3
ID1131079710,train/ID1131079710.jpg,,Tas,Clover,0.57,1.5,15.4794,11.119,1.5261,28.1246,17.0055,,,,,,1,1,0,1,0.39534783089011644,0.05426210313170309,0.5503864748161227,0.855,18.749720833519447,False,,2
ID1136169672,train/ID1136169672.jpg,,Tas,Ryegrass,0.62,5.0,0.0,6.808,16.3107,23.1187,16.3108,,,,,,1,0,1,1,0.294480213226513,0.7055197435184615,0.0,3.1,4.6237390752521845,False,,4
ID1139866256,train/ID1139866256.jpg,,NSW,Fescue,0.66,13.0,0.0,83.8407,74.0593,157.9,74.0593,,,,,,1,0,0,0,0.5309733975239177,0.46902659614296005,0.0,8.58,12.146152911834392,False,,4
ID1139918758,train/ID1139918758.jpg,,WA,Clover,0.79,3.0,58.34,0.0,0.0,58.34,58.34,,,,,,1,1,0,3,0.0,0.0,0.9999999828591022,2.37,19.446660184446607,False,,2
ID1140993511,train/ID1140993511.jpg,,Vic,Ryegrass_Clover,0.71,2.0,4.6,2.3,16.1,23.0,20.7,,,,,,2,1,1,2,0.09999999565217409,0.6999999695652187,0.19999999130434817,1.42,11.499994250002874,False,,3
ID1148528732,train/ID1148528732.jpg,,Vic,Phalaris_Clover,0.86,3.2,12.4113,0.0,28.0887,40.5,40.5,,,,,,2,1,0,2,0.0,0.693548131023503,0.30645184428513966,2.7520000000000002,12.65624604492311,False,,3
ID1148666289,train/ID1148666289.jpg,,Vic,Phalaris_Ryegrass_Clover,0.81,3.5,4.0923,14.3231,21.4846,39.9,25.5769,,,,,,3,1,1,2,0.3589749283464931,0.538461139386939,0.1025639072039121,2.835,11.399996742858072,False,,3
ID1149598723,train/ID1149598723.jpg,,NSW,Lucerne,0.87,43.0,0.0,5.3831,58.3169,63.7,58.3169,,,,,,1,0,0,0,0.08450706303756572,0.9154929212638473,0.0,37.41,1.4813953143861556,False,,0
ID1159071020,train/ID1159071020.jpg,,Vic,Phalaris_Clover,0.74,7.0,1.3191,6.7982,46.5727,54.69,47.8918,,,,,,2,1,0,2,0.12430425810378025,0.851576140947593,0.02411958266374872,5.18,7.812856026734853,False,,3
ID1163061745,train/ID1163061745.jpg,,Tas,WhiteClover,0.5,2.0,5.2,6.7,1.2,13.1,6.4,,,,,,1,1,0,1,0.5114503426373784,0.09160304644251555,0.39694653458423407,1.0,6.549996725001637,False,,1
ID1168534540,train/ID1168534540.jpg,,NSW,Fescue,0.86,9.0,0.0,8.6892,55.6108,64.3,55.6108,,,,,,1,0,0,0,0.13513530116430325,0.8648646832835974,0.0,7.74,7.144443650617372,False,,4
ID1176292407,train/ID1176292407.jpg,,Tas,Ryegrass_Clover,0.5,3.0,0.1308,16.7365,9.022,25.8893,9.1528,,,,,,2,1,1,1,0.6464639582196522,0.34848372306382475,0.005052280090528516,1.5,8.629763790078735,False,,1
ID1182523622,train/ID1182523622.jpg,,Tas,WhiteClover,0.48,2.0,3.1059,14.7193,0.6752,18.5004,3.7811,,,,,,1,1,0,1,0.7956205922239199,0.03649650621086538,0.16788284751233232,0.96,9.250195374902312,False,,1
ID1183807388,train/ID1183807388.jpg,,Tas,Ryegrass,0.7,5.0,0.0,20.9156,20.9156,41.8312,20.9156,,,,,,1,0,1,1,0.49999998804719953,0.49999998804719953,0.0,3.5,8.366238326752335,False,,4
ID1193692654,train/ID1193692654.jpg,,Tas,Ryegrass,0.69,3.1667,0.2727,6.3317,13.4232,20.0276,13.6959,,,,,,1,0,1,1,0.31614869898796166,0.6702350421301083,0.013616208950837396,2.1850229999999997,6.324436692949539,False,,4
ID1199150612,train/ID1199150612.jpg,,Tas,Ryegrass_Clover,0.62,5.5,0.3602,40.7019,27.0146,68.0767,27.3748,,,,,,2,1,1,1,0.5978829673312166,0.3968259272728272,0.005291090706642791,3.41,12.377579567712806,False,,1
ID1208644039,train/ID1208644039.jpg,,Vic,Phalaris_Clover,0.79,5.0,1.55,7.75,31.0,40.3,32.55,,,,,,2,1,0,2,0.19230768753578942,0.7692307501431577,0.03846153750715788,3.95,8.059998388000322,False,,3
ID1211362607,train/ID1211362607.jpg,,NSW,Ryegrass,0.58,7.0,0.0,1.3446,66.5554,67.9,66.5554,,,,,,1,0,1,0,0.019802650665645793,0.980197334606814,0.0,4.06,9.699998614285914,False,,4
ID121331988,train/ID121331988.jpg,,NSW,Fescue,0.75,8.0,0.0,21.05,63.15,84.2,63.15,,,,,,1,0,0,0,0.2499999970308789,0.7499999910926367,0.0,6.0,10.524998684375166,False,,4
ID1215977190,train/ID1215977190.jpg,,Tas,Ryegrass,0.74,5.0,0.4068,24.8123,30.1002,55.3193,30.507,,,,,,1,0,1,1,0.4485288055248565,0.5441175043046911,0.007353672093579057,3.7,11.063857787228441,False,,4
ID1217108125,train/ID1217108125.jpg,,Tas,WhiteClover,0.62,2.0,5.9027,8.0594,0.6811,14.6432,6.5838,,,,,,1,1,0,1,0.55038512412689,0.04651305407881788,0.40310175350321287,1.24,7.32159633920183,False,,1
ID1237349078,train/ID1237349078.jpg,,Vic,Phalaris_BarleyGrass_SilverGrass_SpearGrass_Clover_Capeweed,0.38,2.5,3.189,26.221,9.39,38.8,12.579,,,,,,6,1,0,2,0.6757989516546663,0.24201030304097162,0.08219071953116704,0.95,15.51999379200248,False,,1
ID12390962,train/ID12390962.jpg,,Tas,Ryegrass,0.56,5.0,0.0,15.2,14.0,29.2,14.0,,,,,,1,0,1,1,0.5205479273784956,0.47945203837493017,0.0,2.8000000000000003,5.839998832000234,False,,4
ID1244346858,train/ID1244346858.jpg,,NSW,Fescue,0.45,12.3333,0.0,30.9343,49.2657,80.2,49.2657,,,,,,1,0,0,0,0.3857144590309918,0.6142855285001805,0.0,5.5499849999999995,6.502719750373401,False,,4
ID1249094008,train/ID1249094008.jpg,,Vic,Ryegrass,0.71,4.0,0.0,16.3603,4.5809,20.9412,4.5809,,,,,,1,0,1,2,0.7812493657837485,0.21875058646349843,0.0,2.84,5.235298691175327,False,,4
ID1251029854,train/ID1251029854.jpg,,NSW,Fescue,0.55,5.0,0.0,22.0875,36.8125,58.9,36.8125,,,,,,1,0,0,0,0.37499999363327685,0.6249999893887948,0.0,2.75,11.77999764400047,False,,4
ID1254829053,train/ID1254829053.jpg,,Vic,Ryegrass,0.69,4.5,0.0,10.2162,4.2568,14.473,4.2568,,,,,,1,0,1,2,0.7058798655510354,0.29412006535479407,0.0,3.1049999999999995,3.2162215075063316,False,,4
ID1268934251,train/ID1268934251.jpg,,Vic,Phalaris_BarleyGrass_SilverGrass_SpearGrass_Clover_Capeweed,0.42,3.3,0.0,24.7869,17.2131,42.0,17.2131,,,,,,6,1,0,2,0.5901642716627554,0.4098357045277214,0.0,1.386,12.727268870524584,False,,1
ID1275072698,train/ID1275072698.jpg,,NSW,Lucerne,0.74,42.0,0.0,2.5,62.0,64.5,62.0,,,,,,1,0,0,0,0.038759689321555206,0.9612402951745691,0.0,31.08,1.535714249149661,False,,0
ID1277756619,train/ID1277756619.jpg,,Tas,Ryegrass,0.4,3.0,0.0,3.2,6.0,9.2,6.0,,,,,,1,0,1,1,0.34782604914934256,0.6521738421550173,0.0,1.2000000000000002,3.0666656444447846,False,,4
ID1291116815,train/ID1291116815.jpg,,Vic,Ryegrass_Clover,0.76,3.0,1.24,3.72,19.84,24.8,21.08,,,,,,2,1,1,2,0.14999999395161315,0.7999999677419367,0.049999997983871045,2.2800000000000002,8.26666391111203,False,,3
ID1294770420,train/ID1294770420.jpg,,Tas,Ryegrass_Clover,0.59,3.3333,17.3814,36.1534,14.6004,68.1352,31.9818,,,,,,2,1,1,1,0.5306126564446475,0.21428571114070685,0.2551016177379443,1.9666469999999998,20.440758275355268,False,,1
ID1314135397,train/ID1314135397.jpg,,NSW,Fescue_CrumbWeed,0.75,6.0,0.0,16.6678,28.0322,44.7,28.0322,,,,,,2,0,0,0,0.3728814234254715,0.6271185542031643,0.0,4.5,7.449998758333541,False,,4
ID13162390,train/ID13162390.jpg,,Vic,Ryegrass_Clover,0.74,3.0,2.8667,2.8667,20.0667,25.8,22.9333,,,,,,2,1,1,2,0.11111239879409306,0.7777790396209674,0.11111239879409306,2.2199999999999998,8.59999713333429,False,,3
ID1337107565,train/ID1337107565.jpg,,WA,Clover,0.39,1.0,10.04,0.0,0.0,10.04,10.04,,,,,,1,1,0,3,0.0,0.0,0.9999999003984164,0.39,10.03998996001004,False,,2
ID1343327476,train/ID1343327476.jpg,,Vic,Phalaris_Clover,0.71,5.0,3.1429,3.1429,37.7143,44.0,40.8571,,,,,,2,1,0,2,0.07142954383114673,0.8571431623376555,0.07142954383114673,3.55,8.799998240000352,False,,3
ID1345375788,train/ID1345375788.jpg,,Tas,Ryegrass_Clover,0.6,3.0,2.3762,7.7226,8.7127,18.8115,11.0889,,,,,,2,1,1,1,0.4105254546141746,0.4631581498998937,0.12631634232696262,1.7999999999999998,6.270497909834029,False,,1
ID135365668,train/ID135365668.jpg,,Vic,Phalaris_Ryegrass_Clover,0.74,3.0,2.4,1.8667,17.3333,21.6,19.7333,,,,,,3,1,1,2,0.08642129229531054,0.8024675554413169,0.1111111059670784,2.2199999999999998,7.1999976000008,False,,3
ID1354190372,train/ID1354190372.jpg,,Tas,Ryegrass_Clover,0.67,3.0,11.2565,6.5255,10.6039,28.3859,21.8604,,,,,,2,1,1,1,0.22988525183681857,0.37356221315645394,0.3965524997779708,2.0100000000000002,9.461963512678828,False,,3
ID1357758282,train/ID1357758282.jpg,,NSW,Lucerne,0.77,62.0,0.0,4.8,107.3,112.1,107.3,,,,,,1,0,0,0,0.04281891130402399,0.9571810797753696,0.0,47.74,1.8080644869667017,True,,0
ID1357768767,train/ID1357768767.jpg,,NSW,Fescue,0.68,15.0,0.0,5.4497,104.1503,109.6,104.1503,,,,,,1,0,0,0,0.049723539692303476,0.9502764511836091,0.0,10.200000000000001,7.306666179555588,False,,4
ID1370004842,train/ID1370004842.jpg,,NSW,Fescue,0.55,9.6667,0.0,21.9986,55.8014,77.8,55.8014,,,,,,1,0,0,0,0.282758351121358,0.7172416360251719,0.0,5.3166850000000005,8.048247276914845,False,,4
ID1374789439,train/ID1374789439.jpg,,Vic,Phalaris_Clover,0.74,4.0,1.3556,1.3556,21.6889,24.4,23.0444,,,,,,2,1,0,2,0.05555737477223874,0.8888893078324055,0.05555737477223874,2.96,6.099998475000381,False,,3
ID1385921939,train/ID1385921939.jpg,,NSW,Lucerne,0.79,32.0,0.0,6.8243,43.6757,50.5,43.6757,,,,,,1,0,0,0,0.13513465078941286,0.8648653294086074,0.0,25.28,1.5781249506835955,False,,0
ID1386202352,train/ID1386202352.jpg,,Tas,Ryegrass_Clover,0.86,5.0,0.0,12.1549,35.0834,47.2383,35.0834,,,,,,2,1,1,1,0.25731027032492126,0.7426897085058161,0.0,4.3,9.447658110468378,False,,3
ID1395011773,train/ID1395011773.jpg,,Vic,Phalaris_BarleyGrass_SilverGrass_SpearGrass_Clover_Capeweed,0.52,3.2,10.0895,11.9667,13.8438,35.9,23.9333,,,,,,6,1,0,2,0.33333425255336346,0.3856211591748981,0.2810445604165861,1.6640000000000001,11.218746494141719,False,,1
ID1403078396,train/ID1403078396.jpg,,Tas,Clover,0.42,2.3333,5.3,8.3,1.5,15.1,6.8,,,,,,1,1,0,1,0.5496688377702758,0.09933774176571247,0.35099335423885075,0.9799859999999999,6.471518248181439,False,,1
ID1403107574,train/ID1403107574.jpg,,WA,Clover,0.54,1.0,22.69,0.0,0.0,22.69,22.69,,,,,,1,1,0,3,0.0,0.0,0.9999999559277234,0.54,22.689977310022694,False,,2
ID1411613934,train/ID1411613934.jpg,,Vic,Phalaris_BarleyGrass_SilverGrass_SpearGrass_Clover_Capeweed,0.49,3.3,6.8937,17.8286,16.8777,41.6,23.7714,,,,,,6,1,0,2,0.42857210508240134,0.4057139325549536,0.16571393832418418,1.617,12.606056786043398,False,,1
ID141370843,train/ID141370843.jpg,,Vic,Ryegrass_Clover,0.72,4.0,5.6182,5.6182,19.6636,30.9,25.2818,,,,,,2,1,1,2,0.1818187643424348,0.6363624389526719,0.1818187643424348,2.88,7.724998068750482,False,,3
ID1413758094,train/ID1413758094.jpg,,Tas,Ryegrass_Clover,0.54,5.0,0.8746,46.0532,17.5601,64.4879,18.4347,,,,,,2,1,1,1,0.7141370596013041,0.272300690946663,0.01356223394524812,2.7,12.897577420484515,False,,1
ID1414371018,train/ID1414371018.jpg,,Tas,Ryegrass_Clover,0.72,3.1667,14.7281,6.1901,12.3801,33.2982,27.1082,,,,,,2,1,1,1,0.18589893189725176,0.37179486062925743,0.44230918060708446,2.280024,10.515107046734125,False,,3
ID1415329644,train/ID1415329644.jpg,,NSW,Lucerne,0.83,38.0,0.0,0.0,63.3,63.3,63.3,,,,,,1,0,0,0,0.0,0.999999984202212,0.0,31.54,1.6657894298476466,False,,0
ID1421714468,train/ID1421714468.jpg,,Tas,Ryegrass_Clover,0.85,4.5,0.0,36.581,26.6001,63.1811,26.6,,,,,,2,1,1,1,0.578986428235874,0.42101355593660833,0.0,3.8249999999999997,14.040241324390816,False,,1
ID142751858,train/ID142751858.jpg,,Vic,Ryegrass_Clover,0.81,5.0,15.3953,2.417,33.2077,51.02,48.603,,,,,,2,1,1,2,0.047373578060102346,0.6508761142517422,0.3017502880879991,4.050000000000001,10.203997959200409,False,,3
ID1428837636,train/ID1428837636.jpg,,Tas,WhiteClover,0.7,3.0,10.1663,19.1366,3.8871,33.1901,14.0535,,,,,,1,1,0,1,0.5765755277454565,0.11711624499124001,0.3063051841872973,2.0999999999999996,11.063362978879006,False,,1
ID1437386574,train/ID1437386574.jpg,,Vic,Phalaris_Clover,0.75,6.0,5.0001,3.7122,44.1677,52.88,49.1678,,,,,,2,1,0,2,0.07020045253024863,0.8352439327677018,0.0945555957913087,4.5,8.81333186444469,False,,3
ID1444674500,train/ID1444674500.jpg,,WA,Clover,0.43,1.0,11.64,0.0,3.5,15.14,15.14,,,,,,1,1,0,3,0.0,0.23117567825788124,0.768824255691925,0.43,15.139984860015142,False,,2
ID1450399782,train/ID1450399782.jpg,,Tas,Ryegrass,0.86,5.8333,0.1901,19.082,38.202,57.4741,38.3921,,,,,,1,0,1,1,0.33201041282924987,0.6646819930249974,0.0033075767466114866,5.016638,9.852757469569973,False,,4
ID1451025862,train/ID1451025862.jpg,,Tas,Ryegrass_Clover,0.53,2.8333,5.3,4.3,6.9,16.5,12.2,,,,,,2,1,1,1,0.2606060448117548,0.4181817928374671,0.3212121017447211,1.501649,5.823595869270508,False,,1
ID1456861072,train/ID1456861072.jpg,,Tas,Ryegrass_Clover,0.37,1.0,0.4,6.0,1.0,7.4,1.4,,,,,,2,1,1,1,0.8108107012417971,0.13513511687363283,0.05405404674945314,0.37,7.399992600007401,False,,1
ID1457700382,train/ID1457700382.jpg,,NSW,Lucerne,0.7,30.0,0.0,0.0,24.8,24.8,24.8,,,,,,1,0,0,0,0.0,0.999999959677421,0.0,21.0,0.826666639111112,False,,0
ID1458758610,train/ID1458758610.jpg,,NSW,Fescue,0.49,9.3333,0.0,50.2255,52.4745,102.7,52.4745,,,,,,1,0,0,0,0.4890506281494583,0.5109493621134434,0.0,4.573316999999999,11.003609548218794,False,,4
ID1463690813,train/ID1463690813.jpg,,NSW,Lucerne,0.84,35.0,0.0,0.0,58.2,58.2,58.2,,,,,,1,0,0,0,0.0,0.9999999828178697,0.0,29.4,1.6628570953469404,False,,0
ID146920896,train/ID146920896.jpg,,Tas,Ryegrass_Clover,0.36,2.0,0.5,0.4,6.6,7.5,7.1,,,,,,2,1,1,1,0.05333332622222317,0.8799998826666823,0.06666665777777896,0.72,3.7499981250009373,False,,3
ID1471216911,train/ID1471216911.jpg,,Vic,Phalaris_Clover,0.85,16.0,67.8977,11.4857,28.8667,108.25,96.7643,,,,,,2,1,0,2,0.10610346322306269,0.26666697213240675,0.6272304791941757,13.6,6.765624577148463,True,,3
ID1472525822,train/ID1472525822.jpg,,NSW,Fescue_CrumbWeed,0.7,7.0,0.0,16.4891,30.3109,46.8,30.3109,,,,,,2,0,0,0,0.3523311890527524,0.6476687895797268,0.0,4.8999999999999995,6.685713330612381,False,,4
ID1473228876,train/ID1473228876.jpg,,NSW,Fescue_CrumbWeed,0.72,8.0,0.0,10.0135,28.0865,38.1,28.0865,,,,,,2,0,0,0,0.2628215154115088,0.7371784583417728,0.0,5.76,4.762499404687575,False,,4
ID1474775613,train/ID1474775613.jpg,,Tas,Ryegrass,0.86,10.0,0.0,5.3604,44.3447,49.7051,44.3447,,,,,,1,0,1,1,0.10784406212151144,0.8921559177598292,0.0,8.6,4.97050950294905,False,,4
ID147528735,train/ID147528735.jpg,,NSW,Lucerne,0.74,52.0,0.0,3.0,53.5,56.5,53.5,,,,,,1,0,0,0,0.05309734419296736,0.946902638107918,0.0,38.48,1.0865384406434915,False,,0
ID1476045099,train/ID1476045099.jpg,,Vic,Ryegrass_Clover,0.77,4.0,6.7778,3.3889,20.3333,30.5,27.1111,,,,,,2,1,1,2,0.11111147176683699,0.6666655519126049,0.22222294353367397,3.08,7.624998093750476,False,,3
ID1477176296,train/ID1477176296.jpg,,Vic,Ryegrass_Clover,0.77,4.0,1.8308,1.8308,20.1385,23.8,21.9692,,,,,,2,1,1,2,0.07692436651578291,0.8461554266321248,0.07692436651578291,3.08,5.949998512500372,False,,3
ID1488408526,train/ID1488408526.jpg,,NSW,Fescue,0.48,6.0,0.0,9.8969,28.5031,38.4,28.5031,,,,,,1,0,0,0,0.2577317641215687,0.7422682098367654,0.0,2.88,6.399998933333511,False,,4
ID1496750796,train/ID1496750796.jpg,,Vic,Ryegrass_Clover,0.68,2.0,1.7727,5.3182,12.4091,19.5,14.1818,,,,,,2,1,1,2,0.272728191142144,0.6363640699300477,0.0909076876457596,1.36,9.749995125002437,False,,3
ID1498398599,train/ID1498398599.jpg,,Tas,Clover,0.36,2.1667,11.0375,5.6471,1.2834,17.9681,12.321,,,,,,1,1,0,1,0.3142847427226728,0.07142657980384237,0.6142830564008962,0.780012,8.292837821185294,False,,2
ID1509266870,train/ID1509266870.jpg,,Vic,Ryegrass_Clover,0.77,4.0,2.775,2.775,27.75,33.3,30.525,,,,,,2,1,1,2,0.08333333083083092,0.8333333083083092,0.08333333083083092,3.08,8.324997918750519,False,,3
ID1510574031,train/ID1510574031.jpg,,Vic,Phalaris_Clover_Ryegrass_Barleygrass_Bromegrass,0.51,5.1667,7.2336,14.4672,19.4992,41.2,26.7328,,,,,,5,1,1,2,0.35114562254500914,0.47328154191064215,0.17557281127250457,2.635017,7.974140558936932,False,,1
ID1512751450,train/ID1512751450.jpg,,Tas,Ryegrass,0.77,3.8333,0.3786,9.6678,19.656,29.7024,20.0346,,,,,,1,0,1,1,0.32548883842757353,0.6617646836025141,0.012746444302600317,2.951641,7.748517530973957,False,,4
ID1513184765,train/ID1513184765.jpg,,Tas,Ryegrass_Clover,0.41,1.0,0.0,5.0118,6.1574,11.1692,6.1574,,,,,,2,1,1,1,0.44871607199118363,0.5512838384768973,0.0,0.41,11.16918883081117,False,,1
ID1515990019,train/ID1515990019.jpg,,Tas,Ryegrass_Clover,0.41,2.1667,0.0,1.3,11.9,13.2,11.9,,,,,,2,1,1,1,0.0984848410238757,0.9015150832185544,0.0,0.888347,6.092211154192479,False,,3
ID1516374298,train/ID1516374298.jpg,,WA,Clover,0.3,1.0,9.0,0.0,1.7,10.7,10.7,,,,,,1,1,0,3,0.0,0.15887848982444022,0.8411214167176247,0.3,10.6999893000107,False,,2
ID152157478,train/ID152157478.jpg,,Vic,Ryegrass_Clover,0.84,17.0,35.1643,7.9034,64.3724,107.44,99.5366,,,,,,2,1,1,2,0.07356105664965511,0.5991474255477716,0.32729243924709195,14.28,6.3199996282353155,False,,3
ID1525817840,train/ID1525817840.jpg,,Vic,Phalaris_Clover,0.72,3.8,7.7677,32.3656,20.0667,60.2,27.8344,,,,,,2,1,0,2,0.5376345425642103,0.33333388150608173,0.12903155931841262,2.7359999999999998,15.842101094183924,False,,1
ID1540480250,train/ID1540480250.jpg,,NSW,Phalaris,0.58,20.0,0.0,3.6485,116.7515,120.4,116.7515,,,,,,1,0,0,0,0.03030315589449206,0.9696968357998601,0.0,11.6,6.019999699000015,False,,4
ID1545077474,train/ID1545077474.jpg,,Tas,Ryegrass_Clover,0.4,3.5,0.0,19.2,8.8,28.0,8.8,,,,,,2,1,1,1,0.6857142612244906,0.3142857030612249,0.0,1.4000000000000001,7.999997714286367,False,,1
ID1547945326,train/ID1547945326.jpg,,Tas,Ryegrass_Clover,0.74,2.1667,6.2816,4.2493,10.7156,21.2465,16.9972,,,,,,2,1,1,1,0.19999999058668527,0.5043465745253771,0.2956533878213641,1.603358,9.805921536935646,False,,3
ID1559189397,train/ID1559189397.jpg,,NSW,Lucerne,0.56,23.0,0.0,1.0805,22.4195,23.5,22.4195,,,,,,1,0,0,0,0.04597872144771398,0.9540212359990963,0.0,12.88,1.021739086011344,False,,0
ID1563418511,train/ID1563418511.jpg,,NSW,Phalaris,0.7,34.0,0.0,4.5904,107.1096,111.7,107.1096,,,,,,1,0,0,0,0.04109579193289353,0.958904199114555,0.0,23.799999999999997,3.2852940210207646,False,,0
ID1570190541,train/ID1570190541.jpg,,Tas,Clover,0.55,2.3333,16.6157,7.8376,0.1568,24.61,16.7724,,,,,,1,1,0,1,0.31847215284550373,0.006371393483486652,0.6751604764258238,1.283315,10.547289012433458,False,,2
ID1573329652,train/ID1573329652.jpg,,NSW,Fescue_CrumbWeed,0.61,6.0,0.0,19.2015,22.2985,41.5,22.2985,,,,,,2,0,0,0,0.4626867358388739,0.5373132400647412,0.0,3.66,6.916665513889081,False,,4
ID1574125908,train/ID1574125908.jpg,,NSW,Ryegrass,0.42,7.0,0.0,3.5379,43.1621,46.7,43.1621,,,,,,1,0,1,0,0.07575802835635914,0.9242419502303652,0.0,2.94,6.671427618367483,False,,4
ID157479394,train/ID157479394.jpg,,NSW,Phalaris,0.69,37.0,0.0,4.8579,129.3421,134.2,129.3421,,,,,,1,0,0,0,0.036198956511185126,0.9638010360372501,0.0,25.529999999999998,3.627026928999272,False,,0
ID1579942839,train/ID1579942839.jpg,,Tas,Clover,0.66,2.5,14.886,2.6661,3.3327,20.8848,18.2186,,,,,,1,1,0,1,0.12765742895994078,0.15957537732823024,0.7127671458301182,1.6500000000000001,8.353916658433336,False,,2
ID158170916,train/ID158170916.jpg,,Tas,Ryegrass_Clover,0.91,8.8333,5.3547,33.0205,69.6107,107.9859,74.9654,,,,,,2,1,1,1,0.30578528950737743,0.6446276722736239,0.049587028958530434,8.038302999999999,12.224863615538519,False,,3
ID1590632667,train/ID1590632667.jpg,,Tas,Ryegrass_Clover,0.7,3.8333,3.1807,24.2887,31.2284,58.6978,34.4091,,,,,,2,1,1,1,0.4137923326974378,0.5320199303548016,0.05418771991134728,2.6833099999999996,15.3125987236588,False,,1
ID1618145129,train/ID1618145129.jpg,,Tas,Ryegrass_Clover,0.84,4.1667,0.0,10.3826,37.1257,47.5083,37.1257,,,,,,2,1,1,1,0.218542860541361,0.781457118409686,0.0,3.5000279999999995,11.401898048360081,False,,3
ID1618597318,train/ID1618597318.jpg,,Tas,Ryegrass_Clover,0.65,2.1667,1.1195,2.239,33.0259,36.3845,34.1454,,,,,,2,1,1,1,0.061537191344193505,0.9076914370764628,0.030768595672096753,1.408355,16.79258005603911,False,,3
ID1620371305,train/ID1620371305.jpg,,Vic,Phalaris_Clover,0.79,10.0,17.0913,6.4092,57.0895,80.59,74.1808,,,,,,2,1,0,2,0.07952847649176727,0.7083943329396409,0.21207717816010452,7.9,8.058999194100082,False,,3
ID162394992,train/ID162394992.jpg,,NSW,Ryegrass,0.61,9.0,0.0,1.8459,47.2541,49.1,47.2541,,,,,,1,0,1,0,0.03759470391864147,0.9624052757147602,0.0,5.49,5.455554949382784,False,,4
ID1623964968,train/ID1623964968.jpg,,Tas,Ryegrass_Clover,0.44,2.3333,10.0977,21.4983,19.5439,51.1398,29.6415,,,,,,2,1,1,1,0.4203829420454726,0.3821661331846012,0.19745286063979794,1.026652,21.91736085485756,False,,1
ID1624268863,train/ID1624268863.jpg,,NSW,Fescue_CrumbWeed,0.56,4.0,0.0,10.168,22.932,33.1,22.932,,,,,,2,0,0,0,0.30719032304560956,0.6928096467429109,0.0,2.24,8.274997931250518,False,,4
ID1634731537,train/ID1634731537.jpg,,Tas,Clover,0.64,3.3333,19.9619,6.8619,0.0,26.8238,19.9619,,,,,,1,1,0,1,0.2558138572531164,0.0,0.7441861054665594,2.133312,8.047218058015162,False,,2
ID1638922597,train/ID1638922597.jpg,,Tas,WhiteClover,0.65,3.0,10.5353,21.3479,0.2772,32.1605,10.8126,,,,,,1,1,0,1,0.663792519898866,0.00861926871101915,0.327585070891775,1.9500000000000002,10.720163093278968,False,,1
ID1645161155,train/ID1645161155.jpg,,Tas,Ryegrass_Clover,0.7,4.5,0.0,40.6841,19.0515,59.7356,19.0516,,,,,,2,1,1,1,0.6810695685475736,0.31893041471199063,0.0,3.15,13.274574827872259,False,,1
ID1655778545,train/ID1655778545.jpg,,NSW,Fescue,0.62,5.0,0.0,17.0357,30.6643,47.7,30.6643,,,,,,1,0,0,0,0.3571425501647264,0.6428574288709135,0.0,3.1,9.539998092000381,False,,4
ID1665142816,train/ID1665142816.jpg,,Vic,Phalaris_Clover,0.73,4.0,3.7714,4.7143,24.5143,33.0,28.2857,,,,,,2,1,0,2,0.14285757142855846,0.7428575532467409,0.11428484502167137,2.92,8.249997937500515,False,,3
ID1667778338,train/ID1667778338.jpg,,Vic,Ryegrass_Clover,0.77,5.0,3.9,9.75,29.25,42.9,33.15,,,,,,2,1,1,2,0.22727272197499485,0.6818181659249846,0.09090908878999794,3.85,8.579998284000343,False,,3
ID1671844336,train/ID1671844336.jpg,,Tas,Ryegrass_Clover,0.68,3.0,0.8024,8.4248,12.0354,21.2625,12.8377,,,,,,2,1,1,1,0.39622808248192437,0.5660387740840083,0.03773779951850443,2.04,7.087497637500787,False,,3
ID1675365449,train/ID1675365449.jpg,,Vic,Phalaris_Clover,0.79,16.0,1.4833,12.2372,89.7395,103.46,91.2228,,,,,,2,1,0,2,0.11827952717688453,0.867383521482858,0.014336941674686434,12.64,6.4662495958593995,False,,3
ID1680597197,train/ID1680597197.jpg,,NSW,Fescue,0.69,12.0,0.0,8.6171,84.1829,92.8,84.1829,,,,,,1,0,0,0,0.092856680033872,0.9071433091902662,0.0,8.28,7.733332688888943,False,,4
ID1692894460,train/ID1692894460.jpg,,Tas,Clover,0.69,3.5,30.1768,14.7741,0.3143,45.2652,30.4912,,,,,,1,1,0,1,0.32638980217938285,0.006943523789941859,0.6666666519386494,2.415,12.932910590596974,False,,2
ID1693880739,train/ID1693880739.jpg,,Vic,Phalaris_Ryegrass_Clover,0.85,4.0,0.0,4.7385,30.4615,35.2,30.4615,,,,,,3,1,1,2,0.13461647344839564,0.8653834981425143,0.0,3.4,8.79999780000055,False,,3
ID1703304524,train/ID1703304524.jpg,,Tas,Ryegrass_Clover,0.86,7.0,2.5821,46.4778,47.7689,96.8288,50.351,,,,,,2,1,1,1,0.47999974718265903,0.49333358986857645,0.026666652621258835,6.02,13.832683738188038,False,,3
ID1717006117,train/ID1717006117.jpg,,Vic,Phalaris_Clover_Ryegrass_Barleygrass_Bromegrass,0.57,6.1667,18.0129,18.9135,32.8735,69.8,50.8865,,,,,,5,1,1,2,0.2709670448285524,0.4709670419632229,0.2580644662168415,3.5150189999999997,11.318855900423905,True,,1
ID1729002155,train/ID1729002155.jpg,,NSW,Fescue,0.34,5.6667,0.0,20.7462,19.8538,40.6,19.8538,,,,,,1,0,0,0,0.5109901351972874,0.4890098401721714,0.0,1.9266780000000001,7.16466247292737,False,,4
ID1746343319,train/ID1746343319.jpg,,Tas,Ryegrass_Clover,0.35,2.5,0.6,18.0,6.9,25.5,7.5,,,,,,2,1,1,1,0.7058823252595167,0.27058822468281474,0.023529410841983886,0.875,10.199995920001632,False,,1
ID1753847361,train/ID1753847361.jpg,,Vic,Phalaris_Clover,0.83,17.0,34.9938,3.5437,51.2725,89.81,86.2663,,,,,,2,1,0,2,0.03945774368714237,0.5708996707393423,0.38964257443889794,14.11,5.282940865709361,False,,3
ID1761544403,train/ID1761544403.jpg,,WA,Clover,0.54,1.0,32.64,0.0,0.0,32.64,32.64,,,,,,1,1,0,3,0.0,0.0,0.9999999693627462,0.54,32.63996736003264,False,,2
ID1781353117,train/ID1781353117.jpg,,Tas,Ryegrass,0.69,4.0,1.7583,11.0291,15.185,27.9724,16.9433,,,,,,1,0,1,1,0.39428506691291887,0.5428565106012887,0.06285838673626908,2.76,6.993098251725437,False,,4
ID1782509721,train/ID1782509721.jpg,,NSW,Fescue,0.39,8.0,0.0,26.2626,30.1374,56.4,30.1374,,,,,,1,0,0,0,0.4656489279140261,0.5343510543554778,0.0,3.12,7.049999118750111,False,,4
ID1782608354,train/ID1782608354.jpg,,WA,Ryegrass,0.81,17.0,0.07,0.0,72.1,72.17,72.17,,,,,,1,0,1,3,0.0,0.9990300540525141,0.0009699320913131206,13.770000000000001,4.24529386792389,True,,3
ID1783499590,train/ID1783499590.jpg,,Vic,Ryegrass,0.8,5.5,1.1385,18.2154,13.6615,33.0154,14.8,,,,,,1,0,1,2,0.5517243301088484,0.41379173313690787,0.03448390646534931,4.4,6.002798908582016,False,,4
ID1784585001,train/ID1784585001.jpg,,Tas,Clover,0.8,4.5,35.0394,12.3111,3.788,51.1386,38.8275,,,,,,1,1,0,1,0.24073986693535088,0.07407320352780085,0.6851849545121503,3.6,11.36413080797093,False,,2
ID1789265307,train/ID1789265307.jpg,,Tas,Clover,0.87,7.1667,69.8783,19.3509,1.0751,90.3042,70.9533,,,,,,1,1,0,1,0.21428571191278245,0.011905315457029513,0.7738100689247004,6.235029,12.60052568120255,False,,2
ID1789834546,train/ID1789834546.jpg,,Vic,Phalaris_Clover_Ryegrass_Barleygrass_Bromegrass,0.52,4.1667,6.5244,14.8756,21.4,42.8,27.9244,,,,,,5,1,1,2,0.34756073954297345,0.4999999883177573,0.15243924877478393,2.166684,10.271915359417438,False,,1
ID1789853061,train/ID1789853061.jpg,,Vic,Phalaris_Clover,0.87,5.2,12.9283,7.5415,36.6302,57.1,49.5585,,,,,,2,1,0,2,0.1320753041668073,0.6415096209893236,0.22641505733073455,4.524,10.980767119083247,False,,3
ID1831254380,train/ID1831254380.jpg,,Tas,Clover,0.84,5.3333,71.7865,15.758,0.8754,88.42,72.662,,,,,,1,1,0,1,0.17821759581296542,0.00990047489368384,0.8118807870178604,4.479972,16.57885050928121,False,,2
ID1839139621,train/ID1839139621.jpg,,Tas,Ryegrass,0.8,8.0,0.0,10.3894,31.5263,41.9157,31.5264,,,,,,1,0,1,1,0.24786415954250654,0.752135816600085,0.0,6.4,5.23946184506727,False,,4
ID1853508321,train/ID1853508321.jpg,,Tas,Ryegrass_Clover,0.45,1.6667,0.0,1.1786,28.5232,29.7018,28.5232,,,,,,2,1,1,1,0.039681095432563165,0.9603188708994448,0.0,0.7500150000000001,17.820712893314397,False,,3
ID1857489997,train/ID1857489997.jpg,,Vic,Phalaris_Clover,0.66,3.0,2.3478,2.3478,13.3043,18.0,15.6522,,,,,,2,1,0,2,0.13043332608703742,0.7391277367151257,0.13043332608703742,1.98,5.999998000000667,False,,3
ID1859251563,train/ID1859251563.jpg,,NSW,Lucerne,0.83,70.0,0.0,6.9,119.6,126.5,119.6,,,,,,1,0,0,0,0.05454545411426519,0.9454545379805965,0.0,58.099999999999994,1.807142831326531,True,,0
ID1859792585,train/ID1859792585.jpg,,Tas,Ryegrass,0.62,4.0,0.7708,30.83,22.6087,54.2095,23.3794,,,,,,1,0,1,1,0.5687194943926895,0.4170615774530004,0.014218909707359234,2.48,13.552371611907096,False,,4
ID1868719645,train/ID1868719645.jpg,,Vic,Ryegrass_Clover,0.77,4.0,4.8348,2.4174,20.5478,27.8,25.3826,,,,,,2,1,1,2,0.08695683140443053,0.7391294698154866,0.17391366280886106,3.08,6.949998262500435,False,,3
ID187238869,train/ID187238869.jpg,,Vic,Ryegrass_Clover,0.75,4.0,11.8881,2.972,28.9098,43.77,40.798,,,,,,2,1,1,2,0.0679003868425774,0.6604934736007888,0.2716038320401226,3.0,10.942497264375683,False,,3
ID1874904894,train/ID1874904894.jpg,,Vic,Phalaris_BarleyGrass_SilverGrass_SpearGrass_Clover_Capeweed,0.3,3.0,0.0,29.1542,4.1458,33.3,4.1458,,,,,,6,1,0,2,0.8755014752101661,0.124498494759805,0.0,0.8999999999999999,11.099996300001232,True,,1
ID1876271942,train/ID1876271942.jpg,,NSW,Ryegrass,0.68,10.0,0.0,8.3614,47.9386,56.3,47.9386,,,,,,1,0,1,0,0.14851509505301785,0.8514848871849933,0.0,6.800000000000001,5.629999437000056,False,,4
ID1880764911,train/ID1880764911.jpg,,Tas,Ryegrass,0.52,5.0,5.9821,21.9343,15.1546,43.0709,21.1367,,,,,,1,0,1,1,0.5092603008235189,0.35185240262329315,0.13888959508880486,2.6,8.614178277164344,False,,4
ID1888700589,train/ID1888700589.jpg,,WA,Clover,0.64,2.0,1.62,0.0,20.9,22.52,22.52,,,,,,1,1,0,3,0.0,0.9280639019509812,0.07193605364404736,1.28,11.259994370002813,False,,3
ID1889150649,train/ID1889150649.jpg,,WA,SubcloverLosa,0.32,1.0,2.48,0.0,0.0,2.48,2.48,,,,,,1,1,0,3,0.0,0.0,0.9999995967743561,0.32,2.47999752000248,False,,2
ID1894998379,train/ID1894998379.jpg,,Vic,Phalaris_BarleyGrass_SilverGrass_SpearGrass_Clover_Capeweed,0.42,4.3,13.4778,35.0985,8.4236,57.0,21.9015,,,,,,6,1,0,2,0.6157631470918746,0.14778245354767627,0.23645262743065568,1.8059999999999998,13.255810870741659,False,,1
ID1899025384,train/ID1899025384.jpg,,Tas,Ryegrass_Clover,0.7,4.0,0.4133,8.6803,11.1604,20.254,11.5737,,,,,,2,1,1,1,0.42857211273960144,0.5510219931360721,0.02040584475136542,2.8,5.063498734125317,False,,3
ID1920959057,train/ID1920959057.jpg,,Vic,Ryegrass_Clover,0.74,3.0,3.5619,2.6714,12.4667,18.7,16.0286,,,,,,2,1,1,2,0.14285560733392474,0.6666684135471436,0.19047592564299862,2.2199999999999998,6.233331255556248,False,,3
ID193102215,train/ID193102215.jpg,,NSW,Lucerne,0.66,32.0,0.0,0.0,22.8,22.8,22.8,,,,,,1,0,0,0,0.0,0.9999999561403528,0.0,21.12,0.7124999777343758,False,,0
ID1946311744,train/ID1946311744.jpg,,Vic,Ryegrass_Clover,0.83,8.0,28.5594,2.8017,40.3989,71.76,68.9583,,,,,,2,1,1,2,0.03904264159639574,0.5629724001815439,0.3979849442867204,6.64,8.969998878750141,False,,3
ID194823383,train/ID194823383.jpg,,WA,Clover,0.66,3.0,4.91,0.0,20.8,25.71,25.71,,,,,,1,1,0,3,0.0,0.8090236947093078,0.1909762663953222,1.98,8.569997143334286,False,,3
ID1948354837,train/ID1948354837.jpg,,NSW,Fescue_CrumbWeed,0.63,5.0,0.0,14.4659,19.0341,33.5,19.0341,,,,,,2,0,0,0,0.43181789755767475,0.5681820725915799,0.0,3.15,6.699998660000268,False,,4
ID1952813879,train/ID1952813879.jpg,,Vic,Ryegrass,0.68,3.5,0.5875,8.225,3.525,12.3375,4.1125,,,,,,1,0,1,2,0.6666666126308723,0.2857142625560881,0.04761904375934803,2.3800000000000003,3.5249989928574306,False,,4
ID1953171547,train/ID1953171547.jpg,,Tas,Ryegrass_Clover,0.44,5.5,0.692,58.7479,15.989,75.4289,16.681,,,,,,2,1,1,1,0.7788513317992,0.21197445260404896,0.009174202339233339,2.42,13.714342961028551,False,,1
ID1953218650,train/ID1953218650.jpg,,Tas,Ryegrass_Clover,0.5,3.1667,3.8,5.2,6.7,15.7,10.5,,,,,,2,1,1,1,0.3312101699866134,0.4267515651750596,0.24203820114406363,1.58335,4.957840983408285,False,,1
ID1954669045,train/ID1954669045.jpg,,Vic,Phalaris_Clover,0.78,2.8,6.859,10.469,18.772,36.1,25.631,,,,,,2,1,0,2,0.28999999196675924,0.5199999855955683,0.18999999473684226,2.1839999999999997,12.89285253826695,False,,3
ID1962197151,train/ID1962197151.jpg,,NSW,Lucerne,0.72,35.0,0.0,0.0,22.0,22.0,22.0,,,,,,1,0,0,0,0.0,0.9999999545454565,0.0,25.2,0.6285714106122454,False,,0
ID1962379474,train/ID1962379474.jpg,,Tas,Ryegrass_Clover,0.55,5.1667,1.4451,40.1734,17.341,58.9595,18.7861,,,,,,2,1,1,1,0.6813727952005565,0.2941171432234476,0.024510044615201208,2.841685,11.411440298170922,False,,1
ID1963715583,train/ID1963715583.jpg,,WA,Clover,0.16,1.0,0.34,0.0,0.7,1.04,1.04,,,,,,1,1,0,3,0.0,0.6730762758881963,0.3269227625742668,0.16,1.0399989600010402,True,,3
ID196516535,train/ID196516535.jpg,,Tas,Ryegrass,0.45,3.0,0.5231,24.8461,9.0231,34.3923,9.5462,,,,,,1,0,1,1,0.7224320350069047,0.2623581364910711,0.015209799425749387,1.35,11.464096178634605,False,,4
ID1970522802,train/ID1970522802.jpg,,NSW,Fescue,0.55,4.0,0.0,13.5089,32.8911,46.4,32.8911,,,,,,1,0,0,0,0.2911400799323259,0.7088598985159505,0.0,2.2,11.599997100000724,False,,4
ID1976436386,train/ID1976436386.jpg,,Vic,Phalaris_Clover_Ryegrass_Barleygrass_Bromegrass,0.52,6.0,7.9555,25.2703,26.6742,59.9,34.6297,,,,,,5,1,1,2,0.42187478427588004,0.44531217954403707,0.13281301948559232,3.12,9.983331669444722,False,,1
ID1980675327,train/ID1980675327.jpg,,Tas,Ryegrass_Clover,0.59,1.0,2.6598,9.0024,14.7312,26.3934,17.391,,,,,,2,1,1,1,0.3410852583947025,0.5581395137367859,0.10077518998025302,0.59,26.393373606626394,False,,1
ID1982662138,train/ID1982662138.jpg,,NSW,Lucerne,0.79,33.0,0.0,1.1594,35.9406,37.1,35.9406,,,,,,1,0,0,0,0.03125067301211124,0.9687493000337117,0.0,26.07,1.1242423901744731,False,,0
ID1988033238,train/ID1988033238.jpg,,Vic,Phalaris_Clover,0.76,3.2,4.8803,12.4718,21.1479,38.5,26.0282,,,,,,2,1,0,2,0.32394284872875717,0.549296089628673,0.12676103566854455,2.4320000000000004,12.031246240235548,False,,3
ID1989506559,train/ID1989506559.jpg,,Tas,Ryegrass_Clover,0.8,4.3333,15.202,8.1077,28.377,51.6867,43.579,,,,,,2,1,1,1,0.15686240063957652,0.5490193696053458,0.29411821040774105,3.4666400000000004,11.92778899965638,False,,3
ID1993907137,train/ID1993907137.jpg,,Tas,Ryegrass,0.5,3.0,0.1834,12.8356,15.9528,28.9718,16.1362,,,,,,1,0,1,1,0.44303769724222525,0.5506319748641101,0.006330293377343024,1.5,9.65726344757885,False,,4
ID1997244125,train/ID1997244125.jpg,,Tas,Ryegrass_Clover,0.4,3.0,0.0,46.0672,4.1536,50.2208,4.1536,,,,,,2,1,1,1,0.9172932148175017,0.08270676527043049,0.0,1.2000000000000002,16.740261086579636,False,,1
ID2002797732,train/ID2002797732.jpg,,Vic,Phalaris_Clover,0.66,2.0,0.55,3.3,9.35,13.2,9.9,,,,,,2,1,0,2,0.2499999810606075,0.7083332796717213,0.04166666351010126,1.32,6.5999967000016495,False,,3
ID2003438517,train/ID2003438517.jpg,,Vic,Ryegrass_Clover,0.74,4.0,5.2,2.08,13.52,20.8,18.72,,,,,,2,1,1,2,0.09999999519230791,0.6499999687500014,0.2499999879807698,2.96,5.199998700000325,False,,3
ID2006686196,train/ID2006686196.jpg,,Vic,Phalaris_Clover_Ryegrass_Barleygrass_Bromegrass,0.46,9.3333,0.0,38.8581,28.0419,66.9,28.0419,,,,,,5,1,1,2,0.5808385563402308,0.4191614287120862,0.0,4.293318,7.16788197444827,True,,1
ID2010625680,train/ID2010625680.jpg,,WA,Clover,0.75,3.0,37.5911,0.0,5.0589,42.65,42.65,,,,,,1,1,0,3,0.0,0.11861429968079018,0.8813856768725515,2.25,14.216661927779356,False,,2
ID2014192906,train/ID2014192906.jpg,,Vic,Ryegrass,0.63,3.0,0.5,7.0,3.0,10.1912,3.5,,,,,,1,0,1,2,0.6868670336302856,0.294371585841551,0.04906193097359183,1.8900000000000001,3.3970655343114884,False,,4
ID2030696575,train/ID2030696575.jpg,,Tas,Clover,0.31,1.1667,2.1,2.6,1.6,6.3,3.7,,,,,,1,1,0,1,0.41269834719073856,0.2539682136558391,0.33333328042328886,0.361677,5.399841090390768,False,,1
ID2037861084,train/ID2037861084.jpg,,Vic,Phalaris_Clover,0.77,3.8,0.0,12.2169,28.6831,40.9,28.6831,,,,,,2,1,0,2,0.29870170418822245,0.7012982713619005,0.0,2.9259999999999997,10.763155062327614,False,,3
ID2048645043,train/ID2048645043.jpg,,Vic,Ryegrass,0.76,4.0,4.186,11.5116,10.4651,26.1628,14.6512,,,,,,1,0,1,2,0.4399987600715993,0.39999922026697365,0.15999815921850263,3.04,6.540698364825409,False,,4
ID2052442675,train/ID2052442675.jpg,,Tas,Ryegrass_Clover,0.43,2.0,0.0,2.7,14.5,17.2,14.5,,,,,,2,1,1,1,0.15697673505949217,0.8430232068009763,0.0,0.86,8.599995700002149,False,,3
ID2052993274,train/ID2052993274.jpg,,NSW,Phalaris,0.66,32.0,0.0,1.7764,103.6236,105.4,103.6236,,,,,,1,0,0,0,0.016853889783169925,0.9831461007291641,0.0,21.12,3.2937498970703163,False,,0
ID2053315094,train/ID2053315094.jpg,,NSW,Fescue,0.57,12.0,0.0,17.8111,50.8889,68.7,50.8889,,,,,,1,0,0,0,0.25925909375168715,0.7407408916922723,0.0,6.84,5.724999522916707,False,,4
ID2056023629,train/ID2056023629.jpg,,NSW,Fescue,0.68,12.0,0.0,25.1357,57.6643,82.8,57.6643,,,,,,1,0,0,0,0.3035712523723279,0.6964287355503777,0.0,8.16,6.899999425000048,False,,4
ID2056982009,train/ID2056982009.jpg,,Vic,Ryegrass_Clover,0.72,3.0,4.0868,1.5598,30.8534,36.5,34.9402,,,,,,2,1,1,2,0.042734245404541224,0.8452986069781204,0.11196712022007892,2.16,12.166662611112462,False,,3
ID2069766023,train/ID2069766023.jpg,,Tas,Ryegrass_Clover,0.44,5.0,1.8208,32.7742,6.1907,40.7857,8.0115,,,,,,2,1,1,1,0.8035708396920774,0.15178603893555734,0.04464309685396851,2.2,8.157138368572326,False,,1
ID2086966681,train/ID2086966681.jpg,,Tas,WhiteClover,0.57,3.0,3.804,30.7245,1.7557,36.2842,5.5597,,,,,,1,1,0,1,0.8467735034319759,0.048387451056177325,0.10483901795164238,1.71,12.094729301756898,False,,1
ID2089023774,train/ID2089023774.jpg,,Vic,Ryegrass_Clover,0.81,5.0,17.5189,1.3042,33.4869,52.31,51.0058,,,,,,2,1,1,2,0.02493213487034726,0.6401624805933381,0.33490536541951127,4.050000000000001,10.461997907600418,False,,3
ID2091439402,train/ID2091439402.jpg,,Vic,Phalaris_Ryegrass_Clover,0.82,3.5,1.0962,4.9327,22.4712,28.5,23.5673,,,,,,3,1,1,2,0.17307718690957238,0.7884631302293638,0.0384631565451524,2.8699999999999997,8.142854816327196,False,,3
ID2096636211,train/ID2096636211.jpg,,Vic,Phalaris_BarleyGrass_SilverGrass_SpearGrass_Clover_Capeweed,0.38,2.8,2.6,32.2,11.4,46.2,14.0,,,,,,6,1,0,2,0.6969696818837732,0.2467532414122675,0.0562770550589382,1.0639999999999998,16.499994107144964,True,,1
ID2099464826,train/ID2099464826.jpg,,NSW,Fescue,0.65,10.6667,0.0,25.28,69.52,94.8,69.52,,,,,,1,0,0,0,0.2666666638537272,0.7333333255977498,0.0,6.933355000000001,8.887471393451452,False,,4
ID2099742797,train/ID2099742797.jpg,,Vic,Ryegrass_Clover,0.75,2.0,4.14,1.38,15.18,20.7,19.32,,,,,,2,1,1,2,0.0666666634460549,0.733333297906604,0.1999999903381647,1.5,10.349994825002586,False,,3
ID210865340,train/ID210865340.jpg,,Tas,Ryegrass,0.67,4.0,0.0,9.0731,12.9966,22.0697,12.9966,,,,,,1,0,1,1,0.41111114282880407,0.5888888118602059,0.0,2.68,5.517423620644095,False,,4
ID212206250,train/ID212206250.jpg,,WA,Clover,0.3,1.0,7.32,0.0,2.4,9.72,9.72,,,,,,1,1,0,3,0.0,0.24691355484428448,0.7530863422750677,0.3,9.719990280009721,False,,2
ID212206832,train/ID212206832.jpg,,Vic,Ryegrass,0.75,3.0,0.7014,13.3262,5.6924,19.72,6.3938,,,,,,1,0,1,2,0.6757707568067568,0.2886612429684968,0.03556794951480986,2.25,6.573331142222952,False,,4
ID2125100696,train/ID2125100696.jpg,,Vic,Phalaris_Clover,0.8,5.0,14.8364,4.9455,34.6182,54.4,49.4545,,,,,,2,1,0,2,0.09090992479944991,0.6363639588903685,0.27272793616308943,4.0,10.879997824000435,False,,3
ID2131261930,train/ID2131261930.jpg,,Tas,Ryegrass_Clover,0.73,4.5,6.744,42.7122,31.4721,80.9283,38.2161,,,,,,2,1,1,1,0.5277782861152616,0.38888867813992545,0.08333302338819643,3.285,17.984062670208292,False,,1
ID21377800,train/ID21377800.jpg,,Tas,Ryegrass_Clover,0.59,4.0,0.48,28.3224,9.1208,37.9232,9.6008,,,,,,2,1,1,1,0.7468356903732889,0.24050712385803086,0.01265715939959815,2.36,9.480797629800593,False,,1
ID2145635095,train/ID2145635095.jpg,,Tas,Ryegrass,0.73,6.0,0.0,17.5621,22.7022,40.2643,22.7022,,,,,,1,0,1,1,0.4361704925661072,0.5638294825979968,0.0,4.38,6.710715548214075,False,,4
ID227847873,train/ID227847873.jpg,,Vic,Ryegrass_Clover,0.71,3.0,8.6387,7.5836,23.9377,40.16,32.5764,,,,,,2,1,1,2,0.1888346566525235,0.596058252090183,0.2151070663568958,2.13,13.38666220444593,False,,3
ID230058600,train/ID230058600.jpg,,WA,Clover,0.67,3.0,46.83,0.0,0.0,46.83,46.83,,,,,,1,1,0,3,0.0,0.0,0.9999999786461675,2.0100000000000002,15.6099947966684,False,,2
ID249042826,train/ID249042826.jpg,,Tas,Clover,0.53,2.8333,10.6616,3.8769,1.8,16.3385,12.4615,,,,,,1,1,0,1,0.23728615005746242,0.11016922543873517,0.6525445632986772,1.501649,5.766595218792497,False,,2
ID257822026,train/ID257822026.jpg,,Tas,Ryegrass_Clover,0.59,7.1667,0.0,58.125,24.0,82.125,24.0,,,,,,2,1,1,1,0.7077625484595124,0.2922374393639277,0.0,4.228352999999999,11.459247427791393,False,,1
ID290369222,train/ID290369222.jpg,,Tas,Ryegrass,0.85,8.0,0.0,11.4741,40.8478,52.3219,40.8478,,,,,,1,0,1,1,0.2192982246573954,0.7807017562301493,0.0,6.8,6.5402366824704155,False,,4
ID294150104,train/ID294150104.jpg,,Vic,Ryegrass_Clover,0.78,3.0,13.9876,3.167,20.5855,37.74,34.573,,,,,,2,1,1,2,0.08391626698685037,0.5454557354145274,0.3706306208099995,2.34,12.579995806668064,False,,3
ID307060225,train/ID307060225.jpg,,Tas,Ryegrass_Clover,0.53,2.0,0.3031,15.6092,14.2453,30.1575,14.5484,,,,,,2,1,1,1,0.5175893055595024,0.47236340968702945,0.010050567518840503,1.06,15.078742460628767,False,,1
ID315357834,train/ID315357834.jpg,,Tas,Ryegrass,0.83,6.0,0.0,5.7792,27.2448,33.024,27.2448,,,,,,1,0,1,1,0.17499999470082384,0.8249999750181695,0.0,4.9799999999999995,5.5039990826668195,False,,4
ID317990700,train/ID317990700.jpg,,Tas,Ryegrass_Clover,0.75,5.5,0.0,38.1288,27.5062,65.635,27.5062,,,,,,2,1,1,1,0.58092175545179,0.4190782293124365,0.0,4.125,11.933634193884693,False,,1
ID325799913,train/ID325799913.jpg,,Vic,Phalaris_BarleyGrass_SilverGrass_SpearGrass_Clover_Capeweed,0.37,3.2,2.797,19.2502,11.3527,33.4,14.1498,,,,,,6,1,0,2,0.5763532761570876,0.3399011874281082,0.08374251246279904,1.184,10.437496738282269,False,,1
ID332742639,train/ID332742639.jpg,,Vic,Phalaris_Clover,0.77,2.5,6.4127,3.3949,19.9924,29.8,26.4051,,,,,,2,1,0,2,0.11392281496903305,0.6708858835273193,0.21519126794660173,1.925,11.919995232001908,False,,3
ID342818398,train/ID342818398.jpg,,Vic,Ryegrass_Clover,0.72,3.0,24.0237,3.1815,13.8948,41.1,37.9185,,,,,,2,1,1,2,0.07740875724066285,0.33807298447510986,0.5845182339533277,2.16,13.699995433334855,False,,3
ID344618040,train/ID344618040.jpg,,Tas,Ryegrass,0.6,4.0,0.0,6.7327,14.9081,21.6408,14.9081,,,,,,1,0,1,1,0.31111140479504434,0.6888885489959452,0.0,2.4,5.410198647450337,False,,4
ID353424190,train/ID353424190.jpg,,NSW,Fescue,0.41,6.0,0.0,6.2143,22.7857,29.0,22.7857,,,,,,1,0,0,0,0.2142861995073724,0.7857137660098701,0.0,2.46,4.833332527777912,False,,4
ID353997899,train/ID353997899.jpg,,Vic,Phalaris_Clover,0.68,3.0,9.5934,35.7574,7.8492,53.2,17.4426,,,,,,2,1,0,2,0.6721315663133164,0.147541350610125,0.18032706427956646,2.04,17.733327422224193,False,,1
ID354528442,train/ID354528442.jpg,,NSW,Ryegrass,0.68,10.0,0.0,8.3077,56.4923,64.8,56.4923,,,,,,1,0,1,0,0.12820524493510427,0.8717947396327973,0.0,6.800000000000001,6.479999352000065,False,,4
ID363069566,train/ID363069566.jpg,,Tas,Ryegrass_Clover,0.68,3.0,0.2,5.5,12.5,18.2,12.7,,,,,,2,1,1,1,0.3021977855935283,0.6868131490762006,0.01098901038521921,2.04,6.066664644445118,False,,3
ID364856705,train/ID364856705.jpg,,Tas,Ryegrass_Clover,0.85,3.3333,2.7638,4.6064,34.0871,41.4573,36.8509,,,,,,2,1,1,1,0.11111191247109889,0.822221880773184,0.06666618263451353,2.8333049999999997,12.437310641913225,False,,3
ID380752847,train/ID380752847.jpg,,WA,Ryegrass,0.81,14.0,0.0,0.0,58.98,58.98,58.98,,,,,,1,0,1,3,0.0,0.9999999830451004,0.0,11.34,4.212856841938797,True,,3
ID383231615,train/ID383231615.jpg,,Vic,Phalaris_Ryegrass_Clover,0.86,4.0,3.1698,5.7057,24.7245,33.6,27.8943,,,,,,3,1,1,2,0.1698124949460567,0.7358481923854705,0.09433928290656897,3.44,8.399997900000525,False,,3
ID384648061,train/ID384648061.jpg,,NSW,Fescue,0.85,14.6667,0.0,27.7164,157.9836,185.7,157.9836,,,,,,1,0,0,0,0.1492536340912567,0.8507463605237138,0.0,12.466695,12.661333997331779,False,,4
ID386216505,train/ID386216505.jpg,,Vic,Phalaris_Clover,0.63,4.0,3.0667,7.6667,21.4667,32.2,24.5333,,,,,,2,1,0,2,0.23809626589763147,0.6666676811593888,0.09523912747704573,2.52,8.049997987500504,False,,3
ID397994621,train/ID397994621.jpg,,NSW,Fescue,0.86,9.0,0.0,0.0,81.0,81.0,81.0,,,,,,1,0,0,0,0.0,0.9999999876543212,0.0,7.74,8.999999000000113,False,,4
ID407646960,train/ID407646960.jpg,,NSW,Fescue,0.59,11.0,0.0,35.5862,71.9138,107.5,71.9138,,,,,,1,0,0,0,0.33103441552526125,0.6689655751724132,0.0,6.489999999999999,9.772726384297602,False,,4
ID40849327,train/ID40849327.jpg,,WA,Clover,0.81,4.0,51.97,0.0,0.0,51.97,51.97,,,,,,1,1,0,3,0.0,0.0,0.9999999807581301,3.24,12.99249675187581,False,,2
ID415656958,train/ID415656958.jpg,,Vic,Ryegrass,0.71,4.0,1.0707,11.2424,4.8182,17.1313,5.8889,,,,,,1,0,1,2,0.6562490496197574,0.28125126048512017,0.062499631522439536,2.84,4.282823929294017,False,,4
ID423506847,train/ID423506847.jpg,,Vic,Phalaris_Clover,0.84,5.0,0.9821,10.8036,43.2143,55.0,44.1964,,,,,,2,1,0,2,0.19642908733765296,0.7857145311688267,0.017856363311702487,4.2,10.99999780000044,False,,3
ID429799190,train/ID429799190.jpg,,Vic,Phalaris_BarleyGrass_SilverGrass_SpearGrass_Clover_Capeweed,0.44,4.5,5.9241,21.8114,16.9645,44.7,22.8886,,,,,,6,1,0,2,0.4879507720816382,0.3795190071695972,0.1325301983774005,1.98,9.933331125926417,False,,1
ID431471530,train/ID431471530.jpg,,NSW,Lucerne,0.78,32.0,0.0,1.2764,45.5236,46.8,45.5236,,,,,,1,0,0,0,0.027273503690737104,0.9727264749417421,0.0,24.96,1.4624999542968764,False,,0
ID443091455,train/ID443091455.jpg,,Vic,Phalaris_Clover_Ryegrass_Barleygrass_Bromegrass,0.66,4.6667,22.2594,11.9858,26.2547,60.5,48.5142,,,,,,5,1,1,2,0.19811239341962986,0.43396197629814914,0.36792396086076096,3.080022,12.964190334885394,True,,1
ID4464212,train/ID4464212.jpg,,Tas,Ryegrass,0.87,6.0,2.3192,8.1172,28.4103,38.8467,30.7295,,,,,,1,0,1,1,0.20895468060466707,0.7313439563375022,0.05970133731561916,5.22,6.474448920925179,False,,4
ID471758347,train/ID471758347.jpg,,Vic,Phalaris_Clover,0.74,6.0,0.0,3.3222,26.5778,29.9,26.5778,,,,,,2,1,0,2,0.1111103641769109,0.8888896023782742,0.0,4.4399999999999995,4.983332502777916,False,,3
ID473494649,train/ID473494649.jpg,,WA,SubcloverDalkeith,0.54,1.0,10.88,0.0,0.0,10.88,10.88,,,,,,1,1,0,3,0.0,0.0,0.9999999080882438,0.54,10.879989120010881,False,,2
ID475010202,train/ID475010202.jpg,,WA,SubcloverLosa,0.71,1.0,36.76,0.0,0.0,36.76,36.76,,,,,,1,1,0,3,0.0,0.0,0.9999999727965188,0.71,36.75996324003676,False,,2
ID482555369,train/ID482555369.jpg,,Tas,Ryegrass,0.34,3.0,0.0,15.9,2.5,18.4,2.5,,,,,,1,0,1,1,0.8641303878190006,0.1358695578331762,0.0,1.02,6.133331288889569,False,,1
ID48303557,train/ID48303557.jpg,,Tas,Ryegrass_Clover,0.8,4.0,0.0,13.2399,60.0887,73.3286,60.0887,,,,,,2,1,1,1,0.1805557424994376,0.8194442438633189,0.0,3.2,18.332145416963645,False,,3
ID488873801,train/ID488873801.jpg,,Tas,Ryegrass_Clover,0.62,2.0,0.7552,8.3076,22.9088,31.9716,23.664,,,,,,2,1,1,1,0.2598431026334903,0.7165359032223628,0.02362096286638883,1.24,15.985792007103994,False,,3
ID490139972,train/ID490139972.jpg,,Tas,Ryegrass,0.79,9.0,0.0,9.9537,35.9864,45.9401,35.9864,,,,,,1,0,1,1,0.2166669159042554,0.7833330623282697,0.0,7.11,5.104454988393891,False,,4
ID498304885,train/ID498304885.jpg,,NSW,Lucerne,0.67,24.0,0.0,7.4132,22.4868,29.9,22.4868,,,,,,1,0,0,0,0.24793310207581598,0.7520668644793691,0.0,16.080000000000002,1.2458332814236133,False,,0
ID50027657,train/ID50027657.jpg,,Vic,Phalaris_Clover,0.76,4.0,7.2429,3.6214,39.8357,50.7,47.0786,,,,,,2,1,0,2,0.07142800648070993,0.7857139884474559,0.14285798534796873,3.04,12.674996831250793,False,,3
ID520514019,train/ID520514019.jpg,,Vic,Ryegrass_Clover,0.73,3.0,1.687,3.3739,14.3391,19.4,16.0261,,,,,,2,1,1,2,0.17391236216946587,0.7391288278799574,0.08695875840418772,2.19,6.466664511111829,False,,3
ID528010569,train/ID528010569.jpg,,Vic,Phalaris_Clover,0.85,3.8,7.1746,7.1746,30.8508,45.2,38.0254,,,,,,2,1,0,2,0.15873008498384766,0.6825398079084113,0.15873008498384766,3.23,11.894733711912181,False,,3
ID529933668,train/ID529933668.jpg,,Vic,Phalaris_Clover,0.82,6.3,4.0159,7.2286,39.3556,50.6,43.3714,,,,,,2,1,0,2,0.14285770468660663,0.7777786407553628,0.07936561107973102,5.1659999999999995,8.031744756865912,False,,3
ID534966093,train/ID534966093.jpg,,Vic,Ryegrass_Clover,0.75,4.0,7.6364,7.6364,26.7273,42.0,34.3636,,,,,,2,1,1,2,0.1818190432900228,0.6363642705627555,0.1818190432900228,3.0,10.499997375000655,False,,3
ID54128926,train/ID54128926.jpg,,Tas,Ryegrass_Clover,0.77,6.8333,0.0,24.4653,39.1446,63.6099,39.1446,,,,,,2,1,1,1,0.38461465299246417,0.6153853312867127,0.0,5.261641,9.308809900222455,False,,3
ID544444725,train/ID544444725.jpg,,NSW,Fescue,0.59,13.0,0.0,44.5775,60.9225,105.5,60.9225,,,,,,1,0,0,0,0.42253554101862045,0.5774644495027067,0.0,7.67,8.11538399112431,False,,4
ID545360459,train/ID545360459.jpg,,WA,Ryegrass,0.71,10.0,0.0,0.0,47.73,47.73,47.73,,,,,,1,0,1,3,0.0,0.9999999790488168,0.0,7.1,4.772999522700048,False,,3
ID550623196,train/ID550623196.jpg,,Tas,Ryegrass_Clover,0.67,1.5,1.581,4.1107,15.9684,21.6601,17.5494,,,,,,2,1,1,1,0.1897821252080034,0.7372264792301754,0.07299134939398481,1.0050000000000001,14.440057039961975,False,,3
ID552040066,train/ID552040066.jpg,,NSW,Phalaris,0.37,7.0,0.0,6.592,24.108,30.7,24.108,,,,,,1,0,0,0,0.21472312004159216,0.7852768473851189,0.0,2.59,4.385713659183763,False,,4
ID554314721,train/ID554314721.jpg,,NSW,Lucerne,0.69,49.0,0.0,2.7,50.9,53.6,50.9,,,,,,1,0,0,0,0.05037313338856095,0.949626847954723,0.0,33.809999999999995,1.093877528696377,False,,0
ID560946727,train/ID560946727.jpg,,Tas,Ryegrass,0.74,3.6667,0.0,13.0842,21.0896,34.1738,21.0896,,,,,,1,0,1,1,0.38287224766130057,0.6171277230765171,0.0,2.713358,9.320040003261788,False,,4
ID566966892,train/ID566966892.jpg,,Vic,Phalaris_Clover,0.66,3.0,0.9714,3.8857,15.5429,20.4,16.5143,,,,,,2,1,0,2,0.19047548085904506,0.7619068253967243,0.04761764472462526,1.98,6.799997733334088,False,,3
ID567744300,train/ID567744300.jpg,,Tas,Ryegrass_Clover,0.57,2.3333,0.0,2.1953,20.6355,22.8308,20.6355,,,,,,2,1,1,1,0.09615518964928124,0.9038447665502406,0.0,1.3299809999999999,9.784764160303364,False,,3
ID572336285,train/ID572336285.jpg,,Tas,Ryegrass_Clover,0.68,3.0,22.5242,26.1571,18.8913,67.5726,41.4155,,,,,,2,1,1,1,0.3870962433427715,0.2795704134579636,0.3333333284003675,2.04,22.524192491935832,False,,1
ID574213894,train/ID574213894.jpg,,Tas,Ryegrass_Clover,0.88,8.0,31.2684,28.8632,25.6561,85.7877,56.9246,,,,,,2,1,1,1,0.3364491607019519,0.29906501399308977,0.36448581364827576,7.04,10.723461159567357,False,,3
ID576137678,train/ID576137678.jpg,,Tas,Ryegrass,0.59,4.0,0.0,33.0159,12.6389,45.6548,12.6389,,,,,,1,0,1,1,0.7231638135932298,0.27683616450326876,0.0,2.36,11.413697146575714,False,,4
ID576621307,train/ID576621307.jpg,,NSW,Lucerne,0.73,63.0,0.0,2.4,60.2,62.6,60.2,,,,,,1,0,0,0,0.038338657534526234,0.9616613264910332,0.0,45.99,0.9936507778785592,True,,0
ID577112774,train/ID577112774.jpg,,WA,SubcloverDalkeith,0.49,1.0,10.23,0.0,0.0,10.23,10.23,,,,,,1,1,0,3,0.0,0.0,0.9999999022482989,0.49,10.229989770010231,False,,2
ID587125778,train/ID587125778.jpg,,Tas,WhiteClover,0.54,2.0,4.0911,25.3648,1.6364,31.0923,5.7275,,,,,,1,1,0,1,0.8157903784605712,0.0526303923276698,0.13157919704945606,1.08,15.546142226928886,False,,1
ID588120964,train/ID588120964.jpg,,NSW,Fescue,0.68,17.6667,0.0,35.1746,83.9254,119.1,83.9254,,,,,,1,0,0,0,0.29533668937584645,0.704663302227848,0.0,12.013356,6.741496332563731,False,,4
ID600602588,train/ID600602588.jpg,,Vic,Phalaris_Clover,0.73,4.0,2.1111,2.1111,33.7778,38.0,35.8889,,,,,,2,1,0,2,0.05555526169591417,0.888889450292383,0.05555526169591417,2.92,9.499997625000594,False,,3
ID605134229,train/ID605134229.jpg,,Tas,Ryegrass_Clover,0.63,2.0,3.6166,3.6166,3.3755,10.6087,6.9921,,,,,,2,1,1,1,0.34090884454185294,0.31818221665404656,0.34090884454185294,1.26,5.304347347826326,False,,1
ID610397481,train/ID610397481.jpg,,WA,Clover,0.62,1.0,20.6513,0.0,3.0787,23.73,23.73,,,,,,1,1,0,3,0.0,0.12973872188205976,0.8702612359771918,0.62,23.729976270023734,False,,2
ID617132135,train/ID617132135.jpg,,Tas,Ryegrass_Clover,0.47,3.0,0.8,4.7,11.1,16.6,11.9,,,,,,2,1,1,1,0.2831325130643064,0.6686746585135747,0.048192768181158537,1.41,5.5333314888895035,False,,1
ID61833032,train/ID61833032.jpg,,Vic,Phalaris_Clover,0.8,4.8,0.0,19.6123,41.4877,61.1,41.4877,,,,,,2,1,0,2,0.3209869014568429,0.6790130821765452,0.0,3.84,12.729164014757497,False,,3
ID6269659,train/ID6269659.jpg,,Tas,Clover,0.75,4.8333,35.9533,16.3424,2.3346,54.6304,38.2879,,,,,,1,1,0,1,0.29914479302467506,0.042734447437059814,0.6581189107508107,3.624975,11.302916991927463,False,,2
ID629980789,train/ID629980789.jpg,,Vic,Phalaris_Clover,0.77,6.0,1.6069,8.0345,36.9586,46.6,38.5655,,,,,,2,1,0,2,0.1724141593902541,0.7931029872724681,0.03448283187805082,4.62,7.766665372222438,False,,3
ID633775166,train/ID633775166.jpg,,Vic,Phalaris_BarleyGrass_SilverGrass_SpearGrass_Clover_Capeweed,0.36,4.3,2.812,23.277,7.8111,33.9,10.623,,,,,,6,1,0,2,0.68663714788681,0.23041592240660996,0.08294985006047641,1.5479999999999998,7.8837190968095125,True,,1
ID638711343,train/ID638711343.jpg,,Tas,Ryegrass,0.76,7.0,0.0,4.3212,31.3284,35.6496,31.3285,,,,,,1,0,1,1,0.1212131378412903,0.8787868341079049,0.0,5.32,5.092799272457246,False,,4
ID656251220,train/ID656251220.jpg,,Tas,Ryegrass,0.58,2.8333,3.7538,5.3961,6.3606,15.5104,10.1143,,,,,,1,0,1,1,0.34790203038593265,0.41008610931464634,0.2420182431131213,1.643314,5.474321295195957,False,,4
ID657448172,train/ID657448172.jpg,,Tas,WhiteClover,0.39,1.0,1.6,2.9,0.2,4.7,1.8,,,,,,1,1,0,1,0.6170211453146499,0.042553182435493095,0.34042545948394476,0.39,4.699995300004701,False,,1
ID661372352,train/ID661372352.jpg,,WA,Clover,0.26,1.0,0.0,0.0,10.4,10.4,10.4,,,,,,1,1,0,3,0.0,0.9999999038461632,0.0,0.26,10.399989600010402,True,,3
ID661817669,train/ID661817669.jpg,,Vic,Phalaris_Clover,0.7,3.0,1.4577,13.1192,23.3231,37.9,24.7808,,,,,,2,1,0,2,0.3461530251674664,0.6153852080373297,0.03846174040998047,2.0999999999999996,12.633329122223625,False,,3
ID663006174,train/ID663006174.jpg,,NSW,Lucerne,0.66,49.0,0.0,5.8,44.6,50.4,44.6,,,,,,1,0,0,0,0.11507936279604439,0.8849206173626862,0.0,32.34,1.0285714075801753,True,,0
ID667059550,train/ID667059550.jpg,,Vic,Phalaris_Clover,0.79,9.0,8.1529,8.1529,52.9941,69.3,61.1471,,,,,,2,1,0,2,0.11764646294882451,0.7647056166709147,0.11764646294882451,7.11,7.69999914444454,False,,3
ID668330410,train/ID668330410.jpg,,Tas,Ryegrass,0.82,5.3333,0.0,19.0828,28.9181,48.0009,28.9181,,,,,,1,0,1,1,0.39755087097219277,0.602449108194865,0.0,4.373306,9.000223313853839,False,,4
ID668475812,train/ID668475812.jpg,,NSW,Lucerne,0.78,42.0,0.0,52.9301,34.0699,87.0,34.0699,,,,,,1,0,0,0,0.6083919470299777,0.3916080414757696,0.0,32.76,2.0714285221088446,True,,0
ID670276799,train/ID670276799.jpg,,NSW,Fescue_CrumbWeed,0.66,6.0,0.0,23.1943,21.9057,45.1,21.9057,,,,,,2,0,0,0,0.5142860196388909,0.4857139581881606,0.0,3.96,7.516665413889098,False,,4
ID679913293,train/ID679913293.jpg,,Tas,Ryegrass_Clover,0.53,3.0,0.2146,14.3782,6.6526,21.2454,6.8672,,,,,,2,1,1,1,0.6767676449128919,0.31313129839253206,0.010101009625565552,1.59,7.081797639400786,False,,1
ID681680726,train/ID681680726.jpg,,WA,Clover,0.66,1.0,45.85,0.0,0.0,45.85,45.85,,,,,,1,1,0,3,0.0,0.0,0.9999999781897497,0.66,45.84995415004585,True,,2
ID684062938,train/ID684062938.jpg,,NSW,Fescue,0.6,14.3333,0.0,33.5863,73.0137,106.6,73.0137,,,,,,1,0,0,0,0.31506847734457344,0.6849315132745637,0.0,8.599979999999999,7.437226079323946,False,,4
ID684383343,train/ID684383343.jpg,,Vic,Phalaris_Clover_Ryegrass_Barleygrass_Bromegrass,0.48,4.5,11.7404,16.7719,19.2877,47.8,31.0281,,,,,,5,1,1,2,0.3508765616971431,0.4035083597592394,0.24561505762311597,2.16,10.622219861728919,False,,1
ID686797154,train/ID686797154.jpg,,Tas,Ryegrass_Clover,0.8,2.5,3.5026,5.2539,23.6424,32.3988,27.145,,,,,,2,1,1,1,0.16216340845452892,0.7297307082444193,0.10810893896968596,2.0,12.959514816194073,False,,3
ID697059386,train/ID697059386.jpg,,Tas,WhiteClover,0.67,2.0,10.9589,7.8827,0.769,19.6107,11.728,,,,,,1,1,0,1,0.401959114057167,0.03921328462455268,0.5588224510689341,1.34,9.805345097327452,False,,2
ID697718693,train/ID697718693.jpg,,WA,Clover,0.81,4.0,58.88,0.0,0.0,58.88,58.88,,,,,,1,1,0,3,0.0,0.0,0.9999999830163047,3.24,14.71999632000092,False,,2
ID698608346,train/ID698608346.jpg,,NSW,Fescue,0.55,8.0,0.0,19.8809,38.5191,58.4,38.5191,,,,,,1,0,0,0,0.34042636403379517,0.6595736188429175,0.0,4.4,7.299999087500114,False,,4
ID706288721,train/ID706288721.jpg,,Tas,Ryegrass,0.8,7.0,0.0,8.8161,27.0782,35.8943,27.0781,,,,,,1,0,1,1,0.2456128063337966,0.7543871658066277,0.0,5.6000000000000005,5.127756410320513,False,,4
ID710341728,train/ID710341728.jpg,,NSW,Fescue_CrumbWeed,0.84,11.0,0.0,7.9809,53.5191,61.5,53.5191,,,,,,2,0,0,0,0.1297707295972239,0.8702292541426138,0.0,9.24,5.5909085826446745,False,,4
ID71885430,train/ID71885430.jpg,,NSW,Fescue,0.68,18.0,0.0,18.566,79.834,98.4,79.834,,,,,,1,0,0,0,0.18867885987114977,0.8113211299662487,0.0,12.24,5.46666636296298,False,,4
ID72895391,train/ID72895391.jpg,,Vic,Ryegrass_Clover,0.7,2.0,1.9867,3.9733,8.94,14.9,10.9267,,,,,,2,1,1,2,0.266664411633261,0.5999999597315463,0.13333556152110326,1.4,7.449996275001862,False,,3
ID740402124,train/ID740402124.jpg,,Vic,Phalaris_Clover,0.76,8.0,18.1624,6.3568,40.0708,64.59,58.2332,,,,,,2,1,0,2,0.09841771019635066,0.6203870472149396,0.28119522710643713,6.08,8.073748990781377,False,,3
ID742198710,train/ID742198710.jpg,,Tas,Ryegrass,0.83,10.0,0.0,13.8443,40.1485,53.9928,40.1485,,,,,,1,0,1,1,0.2564101091921495,0.7435898722868628,0.0,8.299999999999999,5.399279460072055,False,,4
ID743847993,train/ID743847993.jpg,,Vic,Phalaris_Clover,0.81,4.6,0.0,17.6378,32.5622,50.2,32.5622,,,,,,2,1,0,2,0.35135059061054597,0.6486493894691356,0.0,3.726,10.91304110586063,False,,3
ID746335827,train/ID746335827.jpg,,NSW,Fescue,0.75,24.3333,0.0,53.2603,112.8397,166.1,112.8397,,,,,,1,0,0,0,0.3206520149268392,0.6793479790526913,0.0,18.249975,6.826036467473114,False,,0
ID748979397,train/ID748979397.jpg,,Tas,Clover,0.77,3.8333,43.2687,18.1125,0.0,61.3813,43.2687,,,,,,1,1,0,1,0.2950817220377913,0.0,0.7049166325099562,2.951641,16.01264810668403,False,,2
ID750820644,train/ID750820644.jpg,,Tas,Ryegrass,0.74,5.0,0.0,38.9588,28.2559,67.2147,28.2558,,,,,,1,0,1,1,0.5796172477208521,0.4203827374014504,0.0,3.7,13.442937311412535,False,,4
ID751517087,train/ID751517087.jpg,,Vic,Phalaris_Clover,0.86,5.2,16.73,11.95,43.02,71.7,59.75,,,,,,2,1,0,2,0.16666666434216645,0.5999999916317993,0.23333333007903306,4.472,13.78845888683483,False,,3
ID753699705,train/ID753699705.jpg,,NSW,Ryegrass,0.74,13.0,0.0,8.1541,72.6459,80.8,72.6459,,,,,,1,0,1,0,0.10091707795894705,0.8990829096648155,0.0,9.62,6.215384137278144,False,,4
ID755710743,train/ID755710743.jpg,,Tas,Ryegrass,0.67,2.0,2.1841,8.2099,8.4829,18.877,10.667,,,,,,1,0,1,1,0.43491548260234764,0.4493775255931809,0.11570164137831003,1.34,9.438495280752358,False,,4
ID761508093,train/ID761508093.jpg,,Vic,Mixed,0.66,4.0,0.0,30.8,20.5333,51.3333,20.5333,,,,,,1,0,0,2,0.600000377922316,0.3999996025971523,0.0,2.64,12.833321791669553,False,,4
ID779628955,train/ID779628955.jpg,,WA,SubcloverLosa,0.79,1.0,47.32,0.0,0.0,47.32,47.32,,,,,,1,1,0,3,0.0,0.0,0.9999999788672871,0.79,47.31995268004732,True,,2
ID7850481,train/ID7850481.jpg,,WA,SubcloverLosa,0.69,1.0,19.57,0.0,0.0,19.57,19.57,,,,,,1,1,0,3,0.0,0.0,0.9999999489013822,0.69,19.569980430019573,False,,2
ID786365141,train/ID786365141.jpg,,Tas,Ryegrass,0.41,3.0,0.0,3.3,6.8,10.1,6.8,,,,,,1,0,1,1,0.3267326409175603,0.6732672600725486,0.0,1.23,3.3666655444448184,False,,4
ID789169173,train/ID789169173.jpg,,NSW,Lucerne,0.86,37.0,0.0,1.2264,77.8736,79.1,77.8736,,,,,,1,0,0,0,0.015504424582750639,0.9844955627750246,0.0,31.82,2.1378377800584385,False,,0
ID793526563,train/ID793526563.jpg,,Vic,Ryegrass_Clover,0.82,18.0,16.7414,4.5597,86.0889,107.39,102.8303,,,,,,2,1,1,2,0.042459260243418756,0.8016472595060317,0.15589347093869568,14.76,5.966110779660512,False,,3
ID797502182,train/ID797502182.jpg,,Tas,Ryegrass,0.43,3.0,0.0,12.6079,6.9746,19.5825,6.9746,,,,,,1,0,1,1,0.643835023932847,0.35616492500115277,0.0,1.29,6.5274978241673915,False,,4
ID799079114,train/ID799079114.jpg,,Tas,Ryegrass,0.53,4.0,0.0,19.7501,8.0022,27.7523,8.0022,,,,,,1,0,1,1,0.7116563055438178,0.288343658423134,0.0,2.12,6.938073265481684,False,,4
ID802547515,train/ID802547515.jpg,,Tas,Ryegrass_Clover,0.74,4.0,0.7525,14.5984,18.9629,34.3138,19.7154,,,,,,2,1,1,1,0.4254381495072493,0.552631869608383,0.021929951741574766,2.96,8.578447855388037,False,,3
ID803479541,train/ID803479541.jpg,,Tas,Ryegrass_Clover,0.55,2.0,1.0483,22.5374,16.2479,39.8335,17.2961,,,,,,2,1,1,1,0.5657900870927716,0.4078953542145342,0.02631704403788158,1.1,19.91674004162998,False,,1
ID808079729,train/ID808079729.jpg,,Tas,Ryegrass_Clover,0.77,2.8333,5.6976,8.5464,22.1574,36.4014,27.855,,,,,,2,1,1,1,0.23478217225760076,0.6086963520991953,0.15652144817173383,2.181641,12.847699556100817,False,,3
ID808093827,train/ID808093827.jpg,,Tas,Ryegrass_Clover,0.9,4.3333,19.6769,6.4251,25.2988,51.4008,44.9757,,,,,,2,1,1,1,0.1249999975681313,0.49218688245733766,0.38281310051958145,3.8999700000000006,11.861811584286434,False,,3
ID8209776,train/ID8209776.jpg,,Vic,Phalaris_Ryegrass_Clover,0.8,3.0,9.9586,14.108,12.0333,36.1,21.992,,,,,,3,1,1,2,0.39080331327414647,0.3333324007387147,0.2758614882032829,2.4000000000000004,12.03332932222356,False,,3
ID828217731,train/ID828217731.jpg,,Vic,Ryegrass,0.69,3.5,0.7978,8.7753,4.7865,14.3596,5.5843,,,,,,1,0,1,2,0.6111102947776892,0.3333309887927945,0.0555586467896984,2.415,4.1027416849309475,False,,4
ID839432753,train/ID839432753.jpg,,Tas,Clover,0.77,3.6667,24.7968,2.7552,2.4108,29.9628,27.2076,,,,,,1,1,0,1,0.09195401991956625,0.08045976742962048,0.8275861792760963,2.823359,8.171596211417294,False,,2
ID846154859,train/ID846154859.jpg,,Tas,Clover,0.62,2.8333,16.5413,7.8112,0.919,25.2715,17.4603,,,,,,1,1,0,1,0.3090912565897847,0.0363650738434571,0.6545436299964928,1.756646,8.919454727895129,False,,2
ID846984946,train/ID846984946.jpg,,Tas,Ryegrass_Clover,0.3,1.1667,8.4,8.0,0.6,17.0,9.0,,,,,,2,1,1,1,0.47058820761245834,0.03529411557093438,0.4941176179930813,0.35001,14.570999767721121,False,,1
ID853954911,train/ID853954911.jpg,,Vic,Ryegrass,0.85,6.0,0.0,26.0,23.0,49.0,23.0,,,,,,1,0,1,2,0.5306122340691382,0.4693877455226991,0.0,5.1,8.166665305555782,False,,4
ID866684633,train/ID866684633.jpg,,WA,Clover,0.59,1.0,25.4228,0.0,6.4772,31.9,31.9,,,,,,1,1,0,3,0.0,0.20304701557846347,0.796952953073575,0.59,31.899968100031902,False,,2
ID871463897,train/ID871463897.jpg,,NSW,Fescue_CrumbWeed,0.79,12.0,10.0981,19.3547,59.7472,89.2,69.8453,,,,,,2,0,0,0,0.21698093927151416,0.6698116516837259,0.11320739783399779,9.48,7.433332713888941,False,,4
ID875119737,train/ID875119737.jpg,,Vic,Ryegrass_Clover,0.72,4.0,5.8,5.8,23.2,34.8,29.0,,,,,,2,1,1,2,0.1666666618773948,0.6666666475095792,0.1666666618773948,2.88,8.699997825000542,False,,3
ID885388135,train/ID885388135.jpg,,Vic,Ryegrass_Clover,0.7,4.0,1.4353,4.3059,18.6588,24.4,20.0941,,,,,,2,1,1,2,0.17647130424297935,0.7647048866924226,0.058823768080993113,2.8,6.099998475000381,False,,3
ID896386823,train/ID896386823.jpg,,Tas,Ryegrass,0.64,3.6667,2.0794,19.7543,12.9541,34.7878,15.0335,,,,,,1,0,1,1,0.5678513568592624,0.37237478735721186,0.05977382703781709,2.346688,9.487492980747543,False,,4
ID900012207,train/ID900012207.jpg,,NSW,Ryegrass,0.58,11.0,0.0,28.0478,36.7522,64.8,36.7522,,,,,,1,0,1,0,0.43283641307351217,0.5671635714943895,0.0,6.38,5.89090855537195,False,,4
ID905397692,train/ID905397692.jpg,,Vic,Phalaris_Clover,0.84,13.0,30.9177,6.1407,36.2016,73.26,67.1193,,,,,,2,1,0,2,0.08382063767648597,0.4941523274071481,0.4220270212663524,10.92,5.635384181893525,False,,3
ID908524512,train/ID908524512.jpg,,Tas,Ryegrass_Clover,0.78,3.1667,11.3043,4.2957,17.4087,33.0087,28.713,,,,,,2,1,1,1,0.1301384141108734,0.5273973065465376,0.34246424904754663,2.4700260000000003,10.423686985288473,False,,3
ID914754166,train/ID914754166.jpg,,Vic,Phalaris_BarleyGrass_SilverGrass_SpearGrass_Clover_Capeweed,0.37,2.5,5.4849,14.6759,9.3392,29.5,14.8241,,,,,,6,1,0,2,0.49748811872921633,0.31658304011582916,0.1859288072566506,0.925,11.799995280001887,False,,1
ID930534670,train/ID930534670.jpg,,Tas,Ryegrass_Clover,0.57,2.0,1.7333,10.5572,20.3265,32.6169,22.0598,,,,,,2,1,1,1,0.3236726873592313,0.6231891864895441,0.05314116138746597,1.14,16.308441845779075,False,,1
ID936984905,train/ID936984905.jpg,,Vic,Phalaris_Clover,0.79,5.0,4.2636,4.2636,38.3727,46.9,42.6364,,,,,,2,1,0,2,0.09090831362668843,0.8181812192285456,0.09090831362668843,3.95,9.379998124000375,False,,3
ID94564238,train/ID94564238.jpg,,Vic,Ryegrass_Clover,0.71,2.0,3.9923,3.9923,9.3154,17.3,13.3077,,,,,,2,1,1,2,0.2307687727879322,0.5384623966206706,0.2307687727879322,1.42,8.649995675002161,False,,3
ID950496197,train/ID950496197.jpg,,Tas,Clover,0.72,2.6667,17.743,3.2487,2.499,23.4907,20.242,,,,,,1,1,0,1,0.1382972777185321,0.10638252132194778,0.7553201583894834,1.920024,8.808899085424274,False,,2
ID95050718,train/ID95050718.jpg,,Tas,Ryegrass_Clover,0.65,2.0,2.3081,15.0024,21.3496,38.66,23.6576,,,,,,2,1,1,1,0.3880600003088464,0.5522400271019134,0.059702533375516474,1.3,19.32999033500483,False,,1
ID956512130,train/ID956512130.jpg,,Tas,Ryegrass_Clover,0.19,1.0,0.0,1.9,2.4,4.3,2.4,,,,,,2,1,1,1,0.44186036235805526,0.5581394050838593,0.0,0.19,4.2999957000043,False,,1
ID963903358,train/ID963903358.jpg,,Vic,Mixed,0.65,3.0,0.0,29.9634,13.8293,43.7927,13.8293,,,,,,1,0,0,2,0.6842099097746905,0.31579006739045395,0.0,1.9500000000000002,14.597561800812734,False,,4
ID968643034,train/ID968643034.jpg,,Tas,Ryegrass_Clover,0.38,2.6667,1.5,7.6,9.0,18.1,10.5,,,,,,2,1,1,1,0.4198894795641171,0.497237541589086,0.082872923598181,1.013346,6.78741261206262,False,,1
ID969218269,train/ID969218269.jpg,,Vic,Phalaris_Clover,0.75,4.0,1.4235,13.5235,33.4529,48.4,34.8765,,,,,,2,1,0,2,0.27941115125183574,0.6911756055542231,0.02941115641712487,3.0,12.099996975000755,False,,3
ID972274220,train/ID972274220.jpg,,Tas,Ryegrass_Clover,0.56,2.8333,7.4266,5.7388,7.8767,21.0421,15.3034,,,,,,2,1,1,1,0.27272941993767635,0.3743304910474481,0.3529400414911039,1.586648,7.42670828125921,False,,1
ID975115267,train/ID975115267.jpg,,WA,Clover,0.73,3.0,40.03,0.0,0.8,40.83,40.83,,,,,,1,1,0,3,0.0,0.019593435718994964,0.9804065397892106,2.19,13.609995463334844,False,,2
ID978026131,train/ID978026131.jpg,,Tas,Clover,0.83,3.1667,24.6445,4.1948,12.0601,40.8994,36.7046,,,,,,1,1,0,1,0.10256384928473647,0.29487228920540914,0.6025638370596186,2.628361,12.915459969223491,False,,2
ID980538882,train/ID980538882.jpg,,NSW,Phalaris,0.69,29.0,0.0,1.1457,91.6543,92.8,91.6543,,,,,,1,0,0,0,0.012345905039376024,0.9876540841847622,0.0,20.009999999999998,3.199999889655176,False,,0
ID980878870,train/ID980878870.jpg,,WA,Clover,0.74,2.0,32.3575,0.0,2.0325,34.39,34.39,,,,,,1,1,0,3,0.0,0.05910148127067517,0.9408984896511053,1.48,17.194991402504296,False,,2
ID983582017,train/ID983582017.jpg,,WA,Ryegrass,0.64,9.0,0.0,0.0,40.94,40.94,40.94,,,,,,1,0,1,3,0.0,0.9999999755740114,0.0,5.76,4.5488883834568465,False,,3
